timestamp,open,high,low,close,volume
1704067200000,100,100.5,99.5,100,1000
1704067260000,100,101.5,99.8,101,1000
1704067320000,101,102.5,100.8,102,1000
1704067380000,102,104.5,101.8,104,1000
1704067440000,104,104.2,102.5,103,1000
1704067500000,103,103.2,99.5,100,1000
1704067560000,100,100.2,97.5,98,1000
1704067620000,98,99.5,97.8,99,1000
1704067680000,99,101.5,98.8,101,1000
1704067740000,101,103.5,100.8,103,1000
1704067800000,103,105.5,102.8,105,1000
1704067860000,105,105.2,103.5,104,1000
1704067920000,104,104.2,99.5,100,1000
1704067980000,100,100.2,96.5,97,1000
1704068040000,97,99.5,96.8,99,1000
1704068100000,99,102.5,98.8,102,1000
1704068160000,102,104.5,101.8,104,1000
1704068220000,104,104.2,100.5,101,1000
1704068280000,101,101.2,97.5,98,1000
1704068340000,98,100.5,97.8,100,1000
1704068400000,100,103.5,99.8,103,1000
1704068460000,103,106.5,102.8,106,1000
1704068520000,106,106.2,102.5,103,1000
1704068580000,103,103.2,98.5,99,1000
1704068640000,99,99.2,96.5,97,1000
1704068700000,97,101.5,96.8,101,1000
1704068760000,101,104.5,100.8,104,1000
1704068820000,104,105.5,103.8,105,1000
1704068880000,105,105.2,99.5,100,1000
1704068940000,100,100.2,97.5,98,1000
1704069000000,98,102.5,97.8,102,1000
1704069060000,102,104.5,101.8,104,1000
1704069120000,104,104.2,98.5,99,1000
1704069180000,99,99.2,96.5,97,1000
