baseline_sha256,diff_count,history_switch,problem,seed,switch_sha256,trials
14ee4a28965625747ce4b5fa2badb8be0a1c199c11b030b63154662a4a2df903,0,1000,rotated_rastrigin20,17,14ee4a28965625747ce4b5fa2badb8be0a1c199c11b030b63154662a4a2df903,1000
1eea1c577ca2e4898e1dd7ce2d39f750dcabc68c39d213dc9da13f44b254d4fe,0,1000,rotated_rastrigin20,48,1eea1c577ca2e4898e1dd7ce2d39f750dcabc68c39d213dc9da13f44b254d4fe,1000
c160f9c8c62456f76d9a38862578bd56abef196c035f8f2d6bac0010965e4280,0,1000,rotated_rastrigin20,79,c160f9c8c62456f76d9a38862578bd56abef196c035f8f2d6bac0010965e4280,1000
037e057e77eb6f731d8baa4b82026f2d56a45d493bdbce91a8d8af67c877b2e1,0,1000,rotated_rastrigin20,110,037e057e77eb6f731d8baa4b82026f2d56a45d493bdbce91a8d8af67c877b2e1,1000
e5a338fb5a345d4c1b4a0d52654c167a7df79db0812adac7140bdfa9acc8314c,0,1000,rotated_rastrigin20,141,e5a338fb5a345d4c1b4a0d52654c167a7df79db0812adac7140bdfa9acc8314c,1000
2395755bca700d93169c979b9953638766a35fad4f071468287493bc1160ae8c,0,1000,rotated_rastrigin20,172,2395755bca700d93169c979b9953638766a35fad4f071468287493bc1160ae8c,1000
355be5ccb4ed2a76c615ece4956a82adc2cbb6d29e7d5c28b7d378f0b55c30a0,0,1000,rotated_rastrigin20,203,355be5ccb4ed2a76c615ece4956a82adc2cbb6d29e7d5c28b7d378f0b55c30a0,1000
c42d516f428951444c15e0c6064bee7fd9de026690d0148772c344cfd48ef0ad,0,1000,rotated_rastrigin20,234,c42d516f428951444c15e0c6064bee7fd9de026690d0148772c344cfd48ef0ad,1000
77ba1cc0062efedbd74fa2cfd50b607a8e75ee12f1398bc328e73f90af6f5d4d,0,1000,rotated_rastrigin20,265,77ba1cc0062efedbd74fa2cfd50b607a8e75ee12f1398bc328e73f90af6f5d4d,1000
a3fc0efd4a3c65c2c182ca1b950005de182a9e3d2a594f5a0470d0f823c68021,0,1000,rotated_rastrigin20,296,a3fc0efd4a3c65c2c182ca1b950005de182a9e3d2a594f5a0470d0f823c68021,1000
4364e3b40b72f66c75fc64756ce3f4b6b291687d9ed5a5d96b9b29a0d6fa3542,0,1000,ackley20,17,4364e3b40b72f66c75fc64756ce3f4b6b291687d9ed5a5d96b9b29a0d6fa3542,1000
8e729b1074193db2ccbedfe001b582d4795350ac4e65854a0e2d4c140aeae66e,0,1000,ackley20,48,8e729b1074193db2ccbedfe001b582d4795350ac4e65854a0e2d4c140aeae66e,1000
59ee96aafec5985b538d9ad2bb8ea60a6486d0b6ee12312b8ba2fb0063abf09e,0,1000,ackley20,79,59ee96aafec5985b538d9ad2bb8ea60a6486d0b6ee12312b8ba2fb0063abf09e,1000
f3a5a0b1951fa92e6cfca0c255f8b912ceee023c87c48281013f6fefdd28b563,0,1000,ackley20,110,f3a5a0b1951fa92e6cfca0c255f8b912ceee023c87c48281013f6fefdd28b563,1000
6ec65360d80369f86f01935197b1c323c2f9bdf7e6b234478f7a55a107429c91,0,1000,ackley20,141,6ec65360d80369f86f01935197b1c323c2f9bdf7e6b234478f7a55a107429c91,1000
f75ddf532a6d95d4423a8a80d11cc873b189872d069bed0c21dcd62a15b1a3a7,0,1000,ackley20,172,f75ddf532a6d95d4423a8a80d11cc873b189872d069bed0c21dcd62a15b1a3a7,1000
0195a9f6d1938df7c334530ff7b9fbcf51c857509e7ca401e9c189eed44f99d2,0,1000,ackley20,203,0195a9f6d1938df7c334530ff7b9fbcf51c857509e7ca401e9c189eed44f99d2,1000
208123c8ba38533815558b94605c0a7704e699d5ba3f347237671b63f9323a7b,0,1000,ackley20,234,208123c8ba38533815558b94605c0a7704e699d5ba3f347237671b63f9323a7b,1000
86a8b77cea84187ae529dcb146de3ed55b78a7d656923faaf72a7278c4b61c4b,0,1000,ackley20,265,86a8b77cea84187ae529dcb146de3ed55b78a7d656923faaf72a7278c4b61c4b,1000
910761e6729b08f50f673b8e6d146160a9b775b25d19975b5bccc63090b130b0,0,1000,ackley20,296,910761e6729b08f50f673b8e6d146160a9b775b25d19975b5bccc63090b130b0,1000
33e543713572f8642ec26cbd60f24fd8489f86d8a890b433120814712305dcda,0,1000,bbob_f15_d20,17,33e543713572f8642ec26cbd60f24fd8489f86d8a890b433120814712305dcda,1000
9f3d826b23d3c7ef7bab21943fcdf4748c684c93525f55e460d3f0b1dbcdc490,0,1000,bbob_f15_d20,48,9f3d826b23d3c7ef7bab21943fcdf4748c684c93525f55e460d3f0b1dbcdc490,1000
15a51aaead323ab739ab4569c4cc7abe716e19e7a20ffb5ea584f90585a066c5,0,1000,bbob_f15_d20,79,15a51aaead323ab739ab4569c4cc7abe716e19e7a20ffb5ea584f90585a066c5,1000
8103710f728753bf10d499950e7ee961e117a7fb169c0411d257f5f3b48a51d6,0,1000,bbob_f15_d20,110,8103710f728753bf10d499950e7ee961e117a7fb169c0411d257f5f3b48a51d6,1000
c12cb2d0209bcfe8ae7083443b332b5db38e22106dd38cfa78dfaec3011f227c,0,1000,bbob_f15_d20,141,c12cb2d0209bcfe8ae7083443b332b5db38e22106dd38cfa78dfaec3011f227c,1000
ea1c9e3c87938f90457a9b5c4f73de1884fb6091ae0a7ab417bd1668fc34fd50,0,1000,bbob_f15_d20,172,ea1c9e3c87938f90457a9b5c4f73de1884fb6091ae0a7ab417bd1668fc34fd50,1000
906e8bde586d8f4d98503019c628bcc23bc1c7e0e375e906f9f5d8bbbd3c8e34,0,1000,bbob_f15_d20,203,906e8bde586d8f4d98503019c628bcc23bc1c7e0e375e906f9f5d8bbbd3c8e34,1000
466677eab2610a60e4ad1c9ac3bf04b70c39e5c7e770fcc7f21cf2d05ef660c8,0,1000,bbob_f15_d20,234,466677eab2610a60e4ad1c9ac3bf04b70c39e5c7e770fcc7f21cf2d05ef660c8,1000
20d985a14a3b357c9b321610b7455d201dee6f114525c5ab77e5d76e04a85f02,0,1000,bbob_f15_d20,265,20d985a14a3b357c9b321610b7455d201dee6f114525c5ab77e5d76e04a85f02,1000
0eb56cfb490508b03f283f4e4e70cf0fce7779efdfd07445222177d98f6901d4,0,1000,bbob_f15_d20,296,0eb56cfb490508b03f283f4e4e70cf0fce7779efdfd07445222177d98f6901d4,1000
229f81abd4fe121f5eac4ec8a669c30ad0eafc15f7fbde07f1c983fc74564b21,0,1000,bbob_f21_d20,17,229f81abd4fe121f5eac4ec8a669c30ad0eafc15f7fbde07f1c983fc74564b21,1000
f8bac2ada0062de9df3aed1801dbf0bf3da365203f7080b3405efd497f5295eb,0,1000,bbob_f21_d20,48,f8bac2ada0062de9df3aed1801dbf0bf3da365203f7080b3405efd497f5295eb,1000
72e0b49b22c563cc5223fc730bf5e6610339dae31e0fb8a0b547783e34ca1641,0,1000,bbob_f21_d20,79,72e0b49b22c563cc5223fc730bf5e6610339dae31e0fb8a0b547783e34ca1641,1000
b67ea70b43c7ff817169df03d598c23638a9a36370be75c05569c008f772bb25,0,1000,bbob_f21_d20,110,b67ea70b43c7ff817169df03d598c23638a9a36370be75c05569c008f772bb25,1000
fd25ced49528737c5bd55018dfeaa83b3db68fc643012c32c2f6bfb51461e540,0,1000,bbob_f21_d20,141,fd25ced49528737c5bd55018dfeaa83b3db68fc643012c32c2f6bfb51461e540,1000
c0727e15f0ea4a28656cee1c22aac0514f628acfe2e463ccbff1daadbddd5473,0,1000,bbob_f21_d20,172,c0727e15f0ea4a28656cee1c22aac0514f628acfe2e463ccbff1daadbddd5473,1000
5be6905d3d94a052ae235d6ff3bde416d16c5f6ab885464720ef9e910e911996,0,1000,bbob_f21_d20,203,5be6905d3d94a052ae235d6ff3bde416d16c5f6ab885464720ef9e910e911996,1000
eadb3862764ea19d590f327b053583c9363bb840d57473ececbb1549aa5d9578,0,1000,bbob_f21_d20,234,eadb3862764ea19d590f327b053583c9363bb840d57473ececbb1549aa5d9578,1000
4f05d109a311f9b686d4f53de0ba1b8a3c686d81b18de95639fbc68aac9da7ce,0,1000,bbob_f21_d20,265,4f05d109a311f9b686d4f53de0ba1b8a3c686d81b18de95639fbc68aac9da7ce,1000
3335c4da0eb4e33876065362493bec55f57b504b3ffd82612370e920d0711c68,0,1000,bbob_f21_d20,296,3335c4da0eb4e33876065362493bec55f57b504b3ffd82612370e920d0711c68,1000
8b53ef75431e6da6fb9a4b04064b97a75dd7b08488c9e87d0bd05f4e89d4d4ea,0,1000,bbob_f24_d20,17,8b53ef75431e6da6fb9a4b04064b97a75dd7b08488c9e87d0bd05f4e89d4d4ea,1000
15a35b2c6a0bc5e11981fc2bc96dcb7782ded5396ae8cfd474aa761d4854eaf5,0,1000,bbob_f24_d20,48,15a35b2c6a0bc5e11981fc2bc96dcb7782ded5396ae8cfd474aa761d4854eaf5,1000
ee04e4e841b43aa688233ba68f1b62b2b1a86f800ed625d6342cfe318bb76504,0,1000,bbob_f24_d20,79,ee04e4e841b43aa688233ba68f1b62b2b1a86f800ed625d6342cfe318bb76504,1000
ad762443c59414eea84a4f1f9a31d23a2276d139ed9ca1e423f1bb88dd4a5bd4,0,1000,bbob_f24_d20,110,ad762443c59414eea84a4f1f9a31d23a2276d139ed9ca1e423f1bb88dd4a5bd4,1000
72861bc5c444c91a77b0388d439df51a5b2b452b790c3e3f9a81897bd9e47446,0,1000,bbob_f24_d20,141,72861bc5c444c91a77b0388d439df51a5b2b452b790c3e3f9a81897bd9e47446,1000
e1378c1a00ee1feb987d184e283863ccb9dd9cab68e46b4e77e943bed6ce3cb6,0,1000,bbob_f24_d20,172,e1378c1a00ee1feb987d184e283863ccb9dd9cab68e46b4e77e943bed6ce3cb6,1000
4d3a62146322face216f63a9dbd737ee474800c61f4436885de83fe8d75f2676,0,1000,bbob_f24_d20,203,4d3a62146322face216f63a9dbd737ee474800c61f4436885de83fe8d75f2676,1000
191a83f23d139db10acdccdfd763533296267fc8f40b8bb2d8528d8542afee0f,0,1000,bbob_f24_d20,234,191a83f23d139db10acdccdfd763533296267fc8f40b8bb2d8528d8542afee0f,1000
56aed78652d515c423afbe17e5d22ec6c67b796da5272d0744d7c8a75631322f,0,1000,bbob_f24_d20,265,56aed78652d515c423afbe17e5d22ec6c67b796da5272d0744d7c8a75631322f,1000
e46eba50799a25e05306514b857a99e0295bc637d9d3a6f65385ce5152016830,0,1000,bbob_f24_d20,296,e46eba50799a25e05306514b857a99e0295bc637d9d3a6f65385ce5152016830,1000
69c6fda8a68d7fa9e5d80c595d1d66b621957a60b92e454313a4eb68791f1b2c,0,1000,mixed_irrelevant15,17,69c6fda8a68d7fa9e5d80c595d1d66b621957a60b92e454313a4eb68791f1b2c,1000
d7d0c9ee726b1ae838e9bcf22cace48bbcd2a3c73d12391cd9c9c7135e6c8bb3,0,1000,mixed_irrelevant15,48,d7d0c9ee726b1ae838e9bcf22cace48bbcd2a3c73d12391cd9c9c7135e6c8bb3,1000
5c67d29b9bd4b0b2520d4f2bdc3bdb412987388a16a1714a9fbffc1840a7132b,0,1000,mixed_irrelevant15,79,5c67d29b9bd4b0b2520d4f2bdc3bdb412987388a16a1714a9fbffc1840a7132b,1000
4da7bed70d6d68ff3310f6f7a86131a256bccb5a1c9af234f1460cc0e73c8367,0,1000,mixed_irrelevant15,110,4da7bed70d6d68ff3310f6f7a86131a256bccb5a1c9af234f1460cc0e73c8367,1000
81ba238fa19a14d5d70fb1873e563686f8b20fc5302b541f4c6177853eac29c4,0,1000,mixed_irrelevant15,141,81ba238fa19a14d5d70fb1873e563686f8b20fc5302b541f4c6177853eac29c4,1000
8ce03527e80966f2f768807e48daa5b8c1d8b7023f257e9efed86e91c38734db,0,1000,mixed_irrelevant15,172,8ce03527e80966f2f768807e48daa5b8c1d8b7023f257e9efed86e91c38734db,1000
7ffa3d694247e4f5bfb20f570b4f3d7315e054f2850448bfbaa511ef8b6f9454,0,1000,mixed_irrelevant15,203,7ffa3d694247e4f5bfb20f570b4f3d7315e054f2850448bfbaa511ef8b6f9454,1000
62b4944986b0ab98ebd90f3fa6037de1fce7195ed3d2ccef34cb7eb797dffc16,0,1000,mixed_irrelevant15,234,62b4944986b0ab98ebd90f3fa6037de1fce7195ed3d2ccef34cb7eb797dffc16,1000
bd969461ab7a83ad99ffb4cad65f6d724135ccdfa96840bbab25f6a4a45ae379,0,1000,mixed_irrelevant15,265,bd969461ab7a83ad99ffb4cad65f6d724135ccdfa96840bbab25f6a4a45ae379,1000
b8b4c82b7d84f8e30d8554b075ba75b9abe78774d3726ddffa67acddf429ccfa,0,1000,mixed_irrelevant15,296,b8b4c82b7d84f8e30d8554b075ba75b9abe78774d3726ddffa67acddf429ccfa,1000
57e4f327039b2a8cd0b692431d87bc11fa9496891e39732aaa590c47b759b8e4,0,1000,rosenbrock20,17,57e4f327039b2a8cd0b692431d87bc11fa9496891e39732aaa590c47b759b8e4,1000
43e88cede6e91de8c26b69e25c9e5041d95829bd89a1710324ef7f3dfc369aa0,0,1000,rosenbrock20,48,43e88cede6e91de8c26b69e25c9e5041d95829bd89a1710324ef7f3dfc369aa0,1000
17f35cda0e0697dbe6846a1f6c2a48c56e142f855b7363840b8dacb73f4b9d7d,0,1000,rosenbrock20,79,17f35cda0e0697dbe6846a1f6c2a48c56e142f855b7363840b8dacb73f4b9d7d,1000
e0e532fbafe8e6607d6bc520c8083791a9c95a22f012a24d4cb220aed7a9944b,0,1000,rosenbrock20,110,e0e532fbafe8e6607d6bc520c8083791a9c95a22f012a24d4cb220aed7a9944b,1000
e94e674166cfdf5bf40e3a33eec4fc53d013b177bb512da494d477c36d4f09d4,0,1000,rosenbrock20,141,e94e674166cfdf5bf40e3a33eec4fc53d013b177bb512da494d477c36d4f09d4,1000
2348903c97a56ff0ab5dd38ba2b0958af6ffa6650c35cbaa65452e4f6e036ac4,0,1000,rosenbrock20,172,2348903c97a56ff0ab5dd38ba2b0958af6ffa6650c35cbaa65452e4f6e036ac4,1000
c2ed24ea4291aac5b2fd65cd4c9ef72d9343ddeae85a4971c83ecbbca2f5f312,0,1000,rosenbrock20,203,c2ed24ea4291aac5b2fd65cd4c9ef72d9343ddeae85a4971c83ecbbca2f5f312,1000
c27022a31853a7ffd3c3ebd08d7afd2c9bd62cbfaa8ebc2405f7af12011ebc7c,0,1000,rosenbrock20,234,c27022a31853a7ffd3c3ebd08d7afd2c9bd62cbfaa8ebc2405f7af12011ebc7c,1000
abcc38ebe029318c332223c3c4c54a51c0e791138cb3ea2f52a0092f29fb440f,0,1000,rosenbrock20,265,abcc38ebe029318c332223c3c4c54a51c0e791138cb3ea2f52a0092f29fb440f,1000
3b5e523bbcd52e878a9c1befd663c57f7e694ce4a346f3b4c9b50ef6c1cb3129,0,1000,rosenbrock20,296,3b5e523bbcd52e878a9c1befd663c57f7e694ce4a346f3b4c9b50ef6c1cb3129,1000
20f88e53953355c543050be4e3fe1fb389a1360e070ae27d185b50548f1ad14c,0,1000,rotated_ellipsoid20,17,20f88e53953355c543050be4e3fe1fb389a1360e070ae27d185b50548f1ad14c,1000
6bd727ea5f1a8d38cdbd7664049e8ec1425aca4739fa21ace0ee6c14592d31fb,0,1000,rotated_ellipsoid20,48,6bd727ea5f1a8d38cdbd7664049e8ec1425aca4739fa21ace0ee6c14592d31fb,1000
c12589b79420b5978082361378a0ae366dd74442e8451299ed98042c06a56611,0,1000,rotated_ellipsoid20,79,c12589b79420b5978082361378a0ae366dd74442e8451299ed98042c06a56611,1000
f9e1198ddd84d7ef25e9487015061c4639ff65cc282d3c82c5760a9dc20b6bc4,0,1000,rotated_ellipsoid20,110,f9e1198ddd84d7ef25e9487015061c4639ff65cc282d3c82c5760a9dc20b6bc4,1000
e6cd0485cb149915879a4fb7f53f9b01748b9306dc801a5df92bd017e7b51c81,0,1000,rotated_ellipsoid20,141,e6cd0485cb149915879a4fb7f53f9b01748b9306dc801a5df92bd017e7b51c81,1000
6107989c1429dc6a78dace963725f32b38199d98a1b48c9752e7693dacbedc4b,0,1000,rotated_ellipsoid20,172,6107989c1429dc6a78dace963725f32b38199d98a1b48c9752e7693dacbedc4b,1000
536d6601b19a7452122f37e568889f20bdbbddef836088ed841fabd0b537a9a3,0,1000,rotated_ellipsoid20,203,536d6601b19a7452122f37e568889f20bdbbddef836088ed841fabd0b537a9a3,1000
f2627862959962e1427c4429e70dc042963ae427ec377e77d66f79e598707b5d,0,1000,rotated_ellipsoid20,234,f2627862959962e1427c4429e70dc042963ae427ec377e77d66f79e598707b5d,1000
4ad7f533b4534d2a9ec0c87f7e4c84ea595342bb0a51b697734b93333418c502,0,1000,rotated_ellipsoid20,265,4ad7f533b4534d2a9ec0c87f7e4c84ea595342bb0a51b697734b93333418c502,1000
c1fe5a9e01b7e2162246395ba48d0188f5495e5131e262b4ce668542832e97cb,0,1000,rotated_ellipsoid20,296,c1fe5a9e01b7e2162246395ba48d0188f5495e5131e262b4ce668542832e97cb,1000
a649482d9afe1275b8f0454b0fba951cf59e60f50ab16d7e9995c00cccfd7029,0,512,rotated_rastrigin20,17,a649482d9afe1275b8f0454b0fba951cf59e60f50ab16d7e9995c00cccfd7029,256
879c73c0a84f01dddeb98bac5032dc7a971bcf4f234e78df498b08be5ae75406,0,512,rotated_rastrigin20,48,879c73c0a84f01dddeb98bac5032dc7a971bcf4f234e78df498b08be5ae75406,256
d79d44adf6d82462aedd5e21b0155d7e47ed0fa61540bc44ebc9a79cbfc01891,0,512,ackley20,17,d79d44adf6d82462aedd5e21b0155d7e47ed0fa61540bc44ebc9a79cbfc01891,256
de22342f9482258b45f660f18a572d50e7db174b2b749ea2aaea6ac4f3ebefad,0,512,ackley20,48,de22342f9482258b45f660f18a572d50e7db174b2b749ea2aaea6ac4f3ebefad,256
9acdfaf3dd4853296df9ac4ae50a05ec29b205b9986a53c59eb39759793d01bd,0,512,bbob_f15_d20,17,9acdfaf3dd4853296df9ac4ae50a05ec29b205b9986a53c59eb39759793d01bd,256
a181dffb756d0434107103d6068eafa5d461fbbdc0e095737d4cb86f255ee0bd,0,512,bbob_f15_d20,48,a181dffb756d0434107103d6068eafa5d461fbbdc0e095737d4cb86f255ee0bd,256
4014a5213be7fafd1f874bf76569fe7fd140871f2fc3dc2d0ea3943fc55047ee,0,512,bbob_f21_d20,17,4014a5213be7fafd1f874bf76569fe7fd140871f2fc3dc2d0ea3943fc55047ee,256
9e1481c13ca1b8c8f069663f9bb54ace2a71441ec97a48746c00ece8c7cfaa00,0,512,bbob_f21_d20,48,9e1481c13ca1b8c8f069663f9bb54ace2a71441ec97a48746c00ece8c7cfaa00,256
59a54d1a75f81b8e5bc5f1483e5b3306beb0a15d864a50920b3c459d1c112619,0,512,bbob_f24_d20,17,59a54d1a75f81b8e5bc5f1483e5b3306beb0a15d864a50920b3c459d1c112619,256
35b357ab969704d0dd9ca1c16d918095a96df13f3442b62defcd9959bdbfcb79,0,512,bbob_f24_d20,48,35b357ab969704d0dd9ca1c16d918095a96df13f3442b62defcd9959bdbfcb79,256
ee7a66fb75b13c48b521eb08a55d5b7e552e53718bc99b88ff634d36f7f325f8,0,512,mixed_irrelevant15,17,ee7a66fb75b13c48b521eb08a55d5b7e552e53718bc99b88ff634d36f7f325f8,256
1bd39164edab1798b8747ddc4a897dce9eb3c4c8b07067a202d25d72341f8a0e,0,512,mixed_irrelevant15,48,1bd39164edab1798b8747ddc4a897dce9eb3c4c8b07067a202d25d72341f8a0e,256
3c02c2e1fab77ba6f8783ff1c6989e90a1e7fc227cc35471923d6a5eadb57c75,0,512,rosenbrock20,17,3c02c2e1fab77ba6f8783ff1c6989e90a1e7fc227cc35471923d6a5eadb57c75,256
a57e80549d2e0148eb033b5946f624edb6551182a318640c34ecdf8d083acdc5,0,512,rosenbrock20,48,a57e80549d2e0148eb033b5946f624edb6551182a318640c34ecdf8d083acdc5,256
373bec885d8dd5b2b8f81db5a295296ac2ffdc2e01e2086cad4cd6d03f3f356d,0,512,rotated_ellipsoid20,17,373bec885d8dd5b2b8f81db5a295296ac2ffdc2e01e2086cad4cd6d03f3f356d,256
8943f538aef4378df00ba0a4bb0ae4ffb358c2e6d88c27356de3a61a78861fd6,0,512,rotated_ellipsoid20,48,8943f538aef4378df00ba0a4bb0ae4ffb358c2e6d88c27356de3a61a78861fd6,256
