after,before,budget,difference,mode,problem,seed,suite
0.8851119000836127,0.8851119000836127,100,0.0,batch8,ackley20,17,quality-final
0.6245164171569677,0.6245164171569677,300,0.0,batch8,ackley20,17,quality-final
0.42797903041774,0.42797903041774,1000,0.0,batch8,ackley20,17,quality-final
0.8931889793222229,0.8931889793222229,100,0.0,batch8,ackley20,48,quality-final
0.6492859699134753,0.6492859699134753,300,0.0,batch8,ackley20,48,quality-final
0.37599176521674127,0.37599176521674127,1000,0.0,batch8,ackley20,48,quality-final
0.9030357454514806,0.9030357454514806,100,0.0,batch8,ackley20,79,quality-final
0.6196609815228846,0.6196609815228846,300,0.0,batch8,ackley20,79,quality-final
0.4098152182034037,0.4098152182034037,1000,0.0,batch8,ackley20,79,quality-final
0.8746635310679556,0.8746635310679556,100,0.0,batch8,ackley20_gaussian,17,quality-final
0.6730916161461146,0.6730916161461146,300,0.0,batch8,ackley20_gaussian,17,quality-final
0.3813971993429022,0.3813971993429022,1000,0.0,batch8,ackley20_gaussian,17,quality-final
0.8970510778248438,0.8970510778248438,100,0.0,batch8,ackley20_gaussian,48,quality-final
0.6583599140815218,0.6583599140815218,300,0.0,batch8,ackley20_gaussian,48,quality-final
0.40196641684277434,0.40196641684277434,1000,0.0,batch8,ackley20_gaussian,48,quality-final
0.8861270138713006,0.8861270138713006,100,0.0,batch8,ackley20_gaussian,79,quality-final
0.6731178722410577,0.6731178722410577,300,0.0,batch8,ackley20_gaussian,79,quality-final
0.36861528290562756,0.36861528290562756,1000,0.0,batch8,ackley20_gaussian,79,quality-final
0.8746635310679556,0.8746635310679556,100,0.0,batch8,ackley20_heavy,17,quality-final
0.7453490974204631,0.7453490974204631,300,0.0,batch8,ackley20_heavy,17,quality-final
0.4041420977780742,0.4041420977780742,1000,0.0,batch8,ackley20_heavy,17,quality-final
0.9185649555547664,0.9185649555547664,100,0.0,batch8,ackley20_heavy,48,quality-final
0.6569505872339098,0.6569505872339098,300,0.0,batch8,ackley20_heavy,48,quality-final
0.412838790758425,0.412838790758425,1000,0.0,batch8,ackley20_heavy,48,quality-final
0.8820664957037777,0.8820664957037777,100,0.0,batch8,ackley20_heavy,79,quality-final
0.5812484150020524,0.5812484150020524,300,0.0,batch8,ackley20_heavy,79,quality-final
0.4054985820769274,0.4054985820769274,1000,0.0,batch8,ackley20_heavy,79,quality-final
0.16886651611111173,0.16886651611111173,100,0.0,batch8,bbob_f15_d10,17,quality-final
0.08813710700022574,0.08813710700022574,300,0.0,batch8,bbob_f15_d10,17,quality-final
0.05859306820465145,0.05859306820465145,1000,0.0,batch8,bbob_f15_d10,17,quality-final
0.11946220168744415,0.11946220168744415,100,0.0,batch8,bbob_f15_d10,48,quality-final
0.08671241609311502,0.08671241609311502,300,0.0,batch8,bbob_f15_d10,48,quality-final
0.08074628830136081,0.08074628830136081,1000,0.0,batch8,bbob_f15_d10,48,quality-final
0.15333142197463176,0.15333142197463176,100,0.0,batch8,bbob_f15_d10,79,quality-final
0.0904333123510912,0.0904333123510912,300,0.0,batch8,bbob_f15_d10,79,quality-final
0.07671056356202782,0.07671056356202782,1000,0.0,batch8,bbob_f15_d10,79,quality-final
0.23645771006217825,0.23645771006217825,100,0.0,batch8,bbob_f15_d20,17,quality-final
0.162623935515842,0.162623935515842,300,0.0,batch8,bbob_f15_d20,17,quality-final
0.10756672024337591,0.10756672024337591,1000,0.0,batch8,bbob_f15_d20,17,quality-final
0.28311737631753137,0.28311737631753137,100,0.0,batch8,bbob_f15_d20,48,quality-final
0.14378517582354708,0.14378517582354708,300,0.0,batch8,bbob_f15_d20,48,quality-final
0.10021538883151515,0.10021538883151515,1000,0.0,batch8,bbob_f15_d20,48,quality-final
0.24335787119020105,0.24335787119020105,100,0.0,batch8,bbob_f15_d20,79,quality-final
0.17072074872407217,0.17072074872407217,300,0.0,batch8,bbob_f15_d20,79,quality-final
0.12359345855613633,0.12359345855613633,1000,0.0,batch8,bbob_f15_d20,79,quality-final
0.32802163854892097,0.32802163854892097,100,0.0,batch8,bbob_f16_d10,17,quality-final
0.28331865374621384,0.28331865374621384,300,0.0,batch8,bbob_f16_d10,17,quality-final
0.2654757201198572,0.2654757201198572,1000,0.0,batch8,bbob_f16_d10,17,quality-final
0.2930537432881186,0.2930537432881186,100,0.0,batch8,bbob_f16_d10,48,quality-final
0.2930537432881186,0.2930537432881186,300,0.0,batch8,bbob_f16_d10,48,quality-final
0.11076685498618916,0.11076685498618916,1000,0.0,batch8,bbob_f16_d10,48,quality-final
0.3243824892729043,0.3243824892729043,100,0.0,batch8,bbob_f16_d10,79,quality-final
0.3243824892729043,0.3243824892729043,300,0.0,batch8,bbob_f16_d10,79,quality-final
0.20946763051917183,0.20946763051917183,1000,0.0,batch8,bbob_f16_d10,79,quality-final
0.4161214386468355,0.4161214386468355,100,0.0,batch8,bbob_f16_d20,17,quality-final
0.4161214386468355,0.4161214386468355,300,0.0,batch8,bbob_f16_d20,17,quality-final
0.41011325593548487,0.41011325593548487,1000,0.0,batch8,bbob_f16_d20,17,quality-final
0.43165280932788863,0.43165280932788863,100,0.0,batch8,bbob_f16_d20,48,quality-final
0.43165280932788863,0.43165280932788863,300,0.0,batch8,bbob_f16_d20,48,quality-final
0.43165280932788863,0.43165280932788863,1000,0.0,batch8,bbob_f16_d20,48,quality-final
0.4693875457140632,0.4693875457140632,100,0.0,batch8,bbob_f16_d20,79,quality-final
0.41882216410301637,0.41882216410301637,300,0.0,batch8,bbob_f16_d20,79,quality-final
0.3509347488182153,0.3509347488182153,1000,0.0,batch8,bbob_f16_d20,79,quality-final
0.05015821046231114,0.05015821046231114,100,0.0,batch8,bbob_f17_d10,17,quality-final
0.016513329163141882,0.016513329163141882,300,0.0,batch8,bbob_f17_d10,17,quality-final
0.009322762515109669,0.009322762515109669,1000,0.0,batch8,bbob_f17_d10,17,quality-final
0.04751472701871601,0.04751472701871601,100,0.0,batch8,bbob_f17_d10,48,quality-final
0.015698541500778592,0.015698541500778592,300,0.0,batch8,bbob_f17_d10,48,quality-final
0.011760549169168065,0.011760549169168065,1000,0.0,batch8,bbob_f17_d10,48,quality-final
0.06506072438291949,0.06506072438291949,100,0.0,batch8,bbob_f17_d10,79,quality-final
0.023873949641892926,0.023873949641892926,300,0.0,batch8,bbob_f17_d10,79,quality-final
0.007901291596697033,0.007901291596697033,1000,0.0,batch8,bbob_f17_d10,79,quality-final
0.14977921458900548,0.14977921458900548,100,0.0,batch8,bbob_f17_d20,17,quality-final
0.07249425191564816,0.07249425191564816,300,0.0,batch8,bbob_f17_d20,17,quality-final
0.03642701144040893,0.03642701144040893,1000,0.0,batch8,bbob_f17_d20,17,quality-final
0.1409773290924382,0.1409773290924382,100,0.0,batch8,bbob_f17_d20,48,quality-final
0.06630007408585892,0.06630007408585892,300,0.0,batch8,bbob_f17_d20,48,quality-final
0.02253840148813269,0.02253840148813269,1000,0.0,batch8,bbob_f17_d20,48,quality-final
0.11301626682666113,0.11301626682666113,100,0.0,batch8,bbob_f17_d20,79,quality-final
0.0420429123694476,0.0420429123694476,300,0.0,batch8,bbob_f17_d20,79,quality-final
0.03420263672805423,0.03420263672805423,1000,0.0,batch8,bbob_f17_d20,79,quality-final
0.0399951006081593,0.0399951006081593,100,0.0,batch8,bbob_f18_d10,17,quality-final
0.011505331866792722,0.011505331866792722,300,0.0,batch8,bbob_f18_d10,17,quality-final
0.00830528174355331,0.00830528174355331,1000,0.0,batch8,bbob_f18_d10,17,quality-final
0.03719005821116447,0.03719005821116447,100,0.0,batch8,bbob_f18_d10,48,quality-final
0.013379535867865174,0.013379535867865174,300,0.0,batch8,bbob_f18_d10,48,quality-final
0.007817441584017116,0.007817441584017116,1000,0.0,batch8,bbob_f18_d10,48,quality-final
0.055148052497780764,0.055148052497780764,100,0.0,batch8,bbob_f18_d10,79,quality-final
0.013236051991782195,0.013236051991782195,300,0.0,batch8,bbob_f18_d10,79,quality-final
0.007760515474739271,0.007760515474739271,1000,0.0,batch8,bbob_f18_d10,79,quality-final
0.1413775206032916,0.1413775206032916,100,0.0,batch8,bbob_f18_d20,17,quality-final
0.06069486829704095,0.06069486829704095,300,0.0,batch8,bbob_f18_d20,17,quality-final
0.03690961006138493,0.03690961006138493,1000,0.0,batch8,bbob_f18_d20,17,quality-final
0.06306296225386519,0.06306296225386519,100,0.0,batch8,bbob_f18_d20,48,quality-final
0.04615062143096516,0.04615062143096516,300,0.0,batch8,bbob_f18_d20,48,quality-final
0.02519193152084464,0.02519193152084464,1000,0.0,batch8,bbob_f18_d20,48,quality-final
0.10751811620097777,0.10751811620097777,100,0.0,batch8,bbob_f18_d20,79,quality-final
0.06108559410899002,0.06108559410899002,300,0.0,batch8,bbob_f18_d20,79,quality-final
0.024318574275923554,0.024318574275923554,1000,0.0,batch8,bbob_f18_d20,79,quality-final
0.19732668327335778,0.19732668327335778,100,0.0,batch8,bbob_f19_d10,17,quality-final
0.11659291087356163,0.11659291087356163,300,0.0,batch8,bbob_f19_d10,17,quality-final
0.07803575534074136,0.07803575534074136,1000,0.0,batch8,bbob_f19_d10,17,quality-final
0.1275600389928408,0.1275600389928408,100,0.0,batch8,bbob_f19_d10,48,quality-final
0.08512542510148806,0.08512542510148806,300,0.0,batch8,bbob_f19_d10,48,quality-final
0.052868037274817835,0.052868037274817835,1000,0.0,batch8,bbob_f19_d10,48,quality-final
0.1577335146100885,0.1577335146100885,100,0.0,batch8,bbob_f19_d10,79,quality-final
0.13086357529742892,0.13086357529742892,300,0.0,batch8,bbob_f19_d10,79,quality-final
0.085766007915838,0.085766007915838,1000,0.0,batch8,bbob_f19_d10,79,quality-final
0.19921167761800576,0.19921167761800576,100,0.0,batch8,bbob_f19_d20,17,quality-final
0.13963305360493408,0.13963305360493408,300,0.0,batch8,bbob_f19_d20,17,quality-final
0.1156672146439605,0.1156672146439605,1000,0.0,batch8,bbob_f19_d20,17,quality-final
0.2368455319816685,0.2368455319816685,100,0.0,batch8,bbob_f19_d20,48,quality-final
0.14055466993039015,0.14055466993039015,300,0.0,batch8,bbob_f19_d20,48,quality-final
0.12601017222314959,0.12601017222314959,1000,0.0,batch8,bbob_f19_d20,48,quality-final
0.23700257011762638,0.23700257011762638,100,0.0,batch8,bbob_f19_d20,79,quality-final
0.14447603456936464,0.14447603456936464,300,0.0,batch8,bbob_f19_d20,79,quality-final
0.11396157528682561,0.11396157528682561,1000,0.0,batch8,bbob_f19_d20,79,quality-final
0.00021396233404071254,0.00021396233404071254,100,0.0,batch8,bbob_f20_d10,17,quality-final
3.121524506225047e-05,3.121524506225047e-05,300,0.0,batch8,bbob_f20_d10,17,quality-final
2.9159678828284047e-05,2.9159678828284047e-05,1000,0.0,batch8,bbob_f20_d10,17,quality-final
0.0086692847765614,0.0086692847765614,100,0.0,batch8,bbob_f20_d10,48,quality-final
3.163830895719754e-05,3.163830895719754e-05,300,0.0,batch8,bbob_f20_d10,48,quality-final
2.7421838369015785e-05,2.7421838369015785e-05,1000,0.0,batch8,bbob_f20_d10,48,quality-final
0.007855030263444328,0.007855030263444328,100,0.0,batch8,bbob_f20_d10,79,quality-final
4.0941588771205035e-05,4.0941588771205035e-05,300,0.0,batch8,bbob_f20_d10,79,quality-final
2.968217315595014e-05,2.968217315595014e-05,1000,0.0,batch8,bbob_f20_d10,79,quality-final
0.0707715855903927,0.0707715855903927,100,0.0,batch8,bbob_f20_d20,17,quality-final
0.0015036605452773675,0.0015036605452773675,300,0.0,batch8,bbob_f20_d20,17,quality-final
1.5999365332326115e-05,1.5999365332326115e-05,1000,0.0,batch8,bbob_f20_d20,17,quality-final
0.04854813943705629,0.04854813943705629,100,0.0,batch8,bbob_f20_d20,48,quality-final
0.000577632847511949,0.000577632847511949,300,0.0,batch8,bbob_f20_d20,48,quality-final
1.753693740415107e-05,1.753693740415107e-05,1000,0.0,batch8,bbob_f20_d20,48,quality-final
0.03229636232096955,0.03229636232096955,100,0.0,batch8,bbob_f20_d20,79,quality-final
0.0003407762338095554,0.0003407762338095554,300,0.0,batch8,bbob_f20_d20,79,quality-final
1.778349367694276e-05,1.778349367694276e-05,1000,0.0,batch8,bbob_f20_d20,79,quality-final
0.7335353451917902,0.7335353451917902,100,0.0,batch8,bbob_f21_d10,17,quality-final
0.4287403161875898,0.4287403161875898,300,0.0,batch8,bbob_f21_d10,17,quality-final
0.07009099070414268,0.07009099070414268,1000,0.0,batch8,bbob_f21_d10,17,quality-final
0.584729738552106,0.584729738552106,100,0.0,batch8,bbob_f21_d10,48,quality-final
0.006013191089693018,0.006013191089693018,300,0.0,batch8,bbob_f21_d10,48,quality-final
0.0011813740351045779,0.0011813740351045779,1000,0.0,batch8,bbob_f21_d10,48,quality-final
0.5710450040597576,0.5710450040597576,100,0.0,batch8,bbob_f21_d10,79,quality-final
0.5061709035517978,0.5061709035517978,300,0.0,batch8,bbob_f21_d10,79,quality-final
0.206334271512171,0.206334271512171,1000,0.0,batch8,bbob_f21_d10,79,quality-final
0.8657661177619311,0.8657661177619311,100,0.0,batch8,bbob_f21_d20,17,quality-final
0.7493952731659312,0.7493952731659312,300,0.0,batch8,bbob_f21_d20,17,quality-final
0.1397559334495703,0.1397559334495703,1000,0.0,batch8,bbob_f21_d20,17,quality-final
0.8060244263060581,0.8060244263060581,100,0.0,batch8,bbob_f21_d20,48,quality-final
0.3591984786973492,0.3591984786973492,300,0.0,batch8,bbob_f21_d20,48,quality-final
0.13650394711332095,0.13650394711332095,1000,0.0,batch8,bbob_f21_d20,48,quality-final
0.8435727592085431,0.8435727592085431,100,0.0,batch8,bbob_f21_d20,79,quality-final
0.11143335713125073,0.11143335713125073,300,0.0,batch8,bbob_f21_d20,79,quality-final
0.05373637571041207,0.05373637571041207,1000,0.0,batch8,bbob_f21_d20,79,quality-final
0.2207383253509329,0.2207383253509329,100,0.0,batch8,bbob_f22_d10,17,quality-final
0.028064736603880796,0.028064736603880796,300,0.0,batch8,bbob_f22_d10,17,quality-final
0.023857585487830534,0.023857585487830534,1000,0.0,batch8,bbob_f22_d10,17,quality-final
0.19677558282918492,0.19677558282918492,100,0.0,batch8,bbob_f22_d10,48,quality-final
0.025981030717002907,0.025981030717002907,300,0.0,batch8,bbob_f22_d10,48,quality-final
0.024202484230787018,0.024202484230787018,1000,0.0,batch8,bbob_f22_d10,48,quality-final
0.4685065003658749,0.4685065003658749,100,0.0,batch8,bbob_f22_d10,79,quality-final
0.2605319989780222,0.2605319989780222,300,0.0,batch8,bbob_f22_d10,79,quality-final
0.2253139888343227,0.2253139888343227,1000,0.0,batch8,bbob_f22_d10,79,quality-final
0.6343151649919753,0.6343151649919753,100,0.0,batch8,bbob_f22_d20,17,quality-final
0.12342277732108728,0.12342277732108728,300,0.0,batch8,bbob_f22_d20,17,quality-final
0.025265827274405545,0.025265827274405545,1000,0.0,batch8,bbob_f22_d20,17,quality-final
0.7407426489194114,0.7407426489194114,100,0.0,batch8,bbob_f22_d20,48,quality-final
0.117044511134448,0.117044511134448,300,0.0,batch8,bbob_f22_d20,48,quality-final
0.03383273826707018,0.03383273826707018,1000,0.0,batch8,bbob_f22_d20,48,quality-final
0.8089143865636711,0.8089143865636711,100,0.0,batch8,bbob_f22_d20,79,quality-final
0.19522263522857933,0.19522263522857933,300,0.0,batch8,bbob_f22_d20,79,quality-final
0.0381548303800743,0.0381548303800743,1000,0.0,batch8,bbob_f22_d20,79,quality-final
0.3297041363599538,0.3297041363599538,100,0.0,batch8,bbob_f23_d10,17,quality-final
0.19069040787748293,0.19069040787748293,300,0.0,batch8,bbob_f23_d10,17,quality-final
0.17683225587891502,0.17683225587891502,1000,0.0,batch8,bbob_f23_d10,17,quality-final
0.2662245019364944,0.2662245019364944,100,0.0,batch8,bbob_f23_d10,48,quality-final
0.11887149528001534,0.11887149528001534,300,0.0,batch8,bbob_f23_d10,48,quality-final
0.11658358079404764,0.11658358079404764,1000,0.0,batch8,bbob_f23_d10,48,quality-final
0.3813923793442657,0.3813923793442657,100,0.0,batch8,bbob_f23_d10,79,quality-final
0.27336611536692934,0.27336611536692934,300,0.0,batch8,bbob_f23_d10,79,quality-final
0.1619682590409011,0.1619682590409011,1000,0.0,batch8,bbob_f23_d10,79,quality-final
0.3868913260486366,0.3868913260486366,100,0.0,batch8,bbob_f23_d20,17,quality-final
0.33771420082698755,0.33771420082698755,300,0.0,batch8,bbob_f23_d20,17,quality-final
0.24013795392439807,0.24013795392439807,1000,0.0,batch8,bbob_f23_d20,17,quality-final
0.44201467652808374,0.44201467652808374,100,0.0,batch8,bbob_f23_d20,48,quality-final
0.374328584801157,0.374328584801157,300,0.0,batch8,bbob_f23_d20,48,quality-final
0.14151603245113434,0.14151603245113434,1000,0.0,batch8,bbob_f23_d20,48,quality-final
0.3992855114425468,0.3992855114425468,100,0.0,batch8,bbob_f23_d20,79,quality-final
0.39489087318079347,0.39489087318079347,300,0.0,batch8,bbob_f23_d20,79,quality-final
0.17383102867426417,0.17383102867426417,1000,0.0,batch8,bbob_f23_d20,79,quality-final
0.3353704825749259,0.3353704825749259,100,0.0,batch8,bbob_f24_d10,17,quality-final
0.2184022523568952,0.2184022523568952,300,0.0,batch8,bbob_f24_d10,17,quality-final
0.19845301301156906,0.19845301301156906,1000,0.0,batch8,bbob_f24_d10,17,quality-final
0.3765081235607862,0.3765081235607862,100,0.0,batch8,bbob_f24_d10,48,quality-final
0.20721031250481728,0.20721031250481728,300,0.0,batch8,bbob_f24_d10,48,quality-final
0.18307730943343242,0.18307730943343242,1000,0.0,batch8,bbob_f24_d10,48,quality-final
0.39985906914816716,0.39985906914816716,100,0.0,batch8,bbob_f24_d10,79,quality-final
0.23608719438721043,0.23608719438721043,300,0.0,batch8,bbob_f24_d10,79,quality-final
0.18258441427330127,0.18258441427330127,1000,0.0,batch8,bbob_f24_d10,79,quality-final
0.3316352569683543,0.3316352569683543,100,0.0,batch8,bbob_f24_d20,17,quality-final
0.2544017017388099,0.2544017017388099,300,0.0,batch8,bbob_f24_d20,17,quality-final
0.22175535528662343,0.22175535528662343,1000,0.0,batch8,bbob_f24_d20,17,quality-final
0.48520288985511967,0.48520288985511967,100,0.0,batch8,bbob_f24_d20,48,quality-final
0.3094677219563948,0.3094677219563948,300,0.0,batch8,bbob_f24_d20,48,quality-final
0.22215936875171804,0.22215936875171804,1000,0.0,batch8,bbob_f24_d20,48,quality-final
0.4855329308209187,0.4855329308209187,100,0.0,batch8,bbob_f24_d20,79,quality-final
0.2739918382593342,0.2739918382593342,300,0.0,batch8,bbob_f24_d20,79,quality-final
0.229420822247535,0.229420822247535,1000,0.0,batch8,bbob_f24_d20,79,quality-final
1.7796859168288912e-06,1.7796859168288912e-06,100,0.0,batch8,branin2,17,quality-final
1.7796859168288912e-06,1.7796859168288912e-06,300,0.0,batch8,branin2,17,quality-final
1.7796859168288912e-06,1.7796859168288912e-06,1000,0.0,batch8,branin2,17,quality-final
0.0019634679867755168,0.0019634679867755168,100,0.0,batch8,branin2,48,quality-final
9.474231518573874e-05,9.474231518573874e-05,300,0.0,batch8,branin2,48,quality-final
7.271765457718642e-06,7.271765457718642e-06,1000,0.0,batch8,branin2,48,quality-final
0.0003105230005913255,0.0003105230005913255,100,0.0,batch8,branin2,79,quality-final
0.0002146501352857818,0.0002146501352857818,300,0.0,batch8,branin2,79,quality-final
2.6760305559536676e-05,2.6760305559536676e-05,1000,0.0,batch8,branin2,79,quality-final
0.2187639706063469,0.2187639706063469,100,0.0,batch8,griewank20,17,quality-final
0.06716664872808312,0.06716664872808312,300,0.0,batch8,griewank20,17,quality-final
0.015348081406253508,0.015348081406253508,1000,0.0,batch8,griewank20,17,quality-final
0.3131433170018136,0.3131433170018136,100,0.0,batch8,griewank20,48,quality-final
0.03627317346134329,0.03627317346134329,300,0.0,batch8,griewank20,48,quality-final
0.014459915054316376,0.014459915054316376,1000,0.0,batch8,griewank20,48,quality-final
0.23658158870127685,0.23658158870127685,100,0.0,batch8,griewank20,79,quality-final
0.048967274247233586,0.048967274247233586,300,0.0,batch8,griewank20,79,quality-final
0.01097472772806725,0.01097472772806725,1000,0.0,batch8,griewank20,79,quality-final
0.0022030172964709453,0.0022030172964709453,100,0.0,batch8,hartmann3,17,quality-final
0.0001838120469532195,0.0001838120469532195,300,0.0,batch8,hartmann3,17,quality-final
0.0001838120469532195,0.0001838120469532195,1000,0.0,batch8,hartmann3,17,quality-final
0.01644220024484832,0.01644220024484832,100,0.0,batch8,hartmann3,48,quality-final
0.00037759227927888615,0.00037759227927888615,300,0.0,batch8,hartmann3,48,quality-final
0.00018929297460866965,0.00018929297460866965,1000,0.0,batch8,hartmann3,48,quality-final
0.0009704126814742437,0.0009704126814742437,100,0.0,batch8,hartmann3,79,quality-final
0.0007919670529316508,0.0007919670529316508,300,0.0,batch8,hartmann3,79,quality-final
0.0004278844592046985,0.0004278844592046985,1000,0.0,batch8,hartmann3,79,quality-final
0.04350323356680568,0.04350323356680568,100,0.0,batch8,interactions12,17,quality-final
0.003346674451406628,0.003346674451406628,300,0.0,batch8,interactions12,17,quality-final
0.0011036614631271665,0.0011036614631271665,1000,0.0,batch8,interactions12,17,quality-final
0.07955255006298255,0.07955255006298255,100,0.0,batch8,interactions12,48,quality-final
0.007698448698969121,0.007698448698969121,300,0.0,batch8,interactions12,48,quality-final
0.0024356968428198705,0.0024356968428198705,1000,0.0,batch8,interactions12,48,quality-final
0.08969834879822626,0.08969834879822626,100,0.0,batch8,interactions12,79,quality-final
0.004863450998899911,0.004863450998899911,300,0.0,batch8,interactions12,79,quality-final
0.0017130972039413068,0.0017130972039413068,1000,0.0,batch8,interactions12,79,quality-final
0.2997779261166263,0.2997779261166263,100,0.0,batch8,levy20,17,quality-final
0.06621324497797242,0.06621324497797242,300,0.0,batch8,levy20,17,quality-final
0.021670490988885936,0.021670490988885936,1000,0.0,batch8,levy20,17,quality-final
0.1462367355466629,0.1462367355466629,100,0.0,batch8,levy20,48,quality-final
0.07041923426035071,0.07041923426035071,300,0.0,batch8,levy20,48,quality-final
0.018072386004929948,0.018072386004929948,1000,0.0,batch8,levy20,48,quality-final
0.2821772580612648,0.2821772580612648,100,0.0,batch8,levy20,79,quality-final
0.08198701069318258,0.08198701069318258,300,0.0,batch8,levy20,79,quality-final
0.012117680218367722,0.012117680218367722,1000,0.0,batch8,levy20,79,quality-final
0.03762594759515014,0.03762594759515014,100,0.0,batch8,mixed_irrelevant15,17,quality-final
0.0002336307550682296,0.0002336307550682296,300,0.0,batch8,mixed_irrelevant15,17,quality-final
0.00018133117798039116,0.00018133117798039116,1000,0.0,batch8,mixed_irrelevant15,17,quality-final
0.003666568172437199,0.003666568172437199,100,0.0,batch8,mixed_irrelevant15,48,quality-final
0.00011482882483147884,0.00011482882483147884,300,0.0,batch8,mixed_irrelevant15,48,quality-final
0.00011482882483147884,0.00011482882483147884,1000,0.0,batch8,mixed_irrelevant15,48,quality-final
0.017205340285670057,0.017205340285670057,100,0.0,batch8,mixed_irrelevant15,79,quality-final
0.0005034578372510862,0.0005034578372510862,300,0.0,batch8,mixed_irrelevant15,79,quality-final
8.299823796446418e-05,8.299823796446418e-05,1000,0.0,batch8,mixed_irrelevant15,79,quality-final
0.06546926037482989,0.06546926037482989,100,0.0,batch8,rosenbrock10,17,quality-final
0.01304910867077403,0.01304910867077403,300,0.0,batch8,rosenbrock10,17,quality-final
0.003503833229767399,0.003503833229767399,1000,0.0,batch8,rosenbrock10,17,quality-final
0.08519488633724297,0.08519488633724297,100,0.0,batch8,rosenbrock10,48,quality-final
0.006025254476606667,0.006025254476606667,300,0.0,batch8,rosenbrock10,48,quality-final
0.0038782884496427156,0.0038782884496427156,1000,0.0,batch8,rosenbrock10,48,quality-final
0.04547284830397545,0.04547284830397545,100,0.0,batch8,rosenbrock10,79,quality-final
0.005020325438482679,0.005020325438482679,300,0.0,batch8,rosenbrock10,79,quality-final
0.0023688455260784304,0.0023688455260784304,1000,0.0,batch8,rosenbrock10,79,quality-final
0.16892052490563003,0.16892052490563003,100,0.0,batch8,rosenbrock20,17,quality-final
0.04777945306486659,0.04777945306486659,300,0.0,batch8,rosenbrock20,17,quality-final
0.008060318087760584,0.008060318087760584,1000,0.0,batch8,rosenbrock20,17,quality-final
0.1995666392108976,0.1995666392108976,100,0.0,batch8,rosenbrock20,48,quality-final
0.024006221877243016,0.024006221877243016,300,0.0,batch8,rosenbrock20,48,quality-final
0.005754609831034471,0.005754609831034471,1000,0.0,batch8,rosenbrock20,48,quality-final
0.16032187500957418,0.16032187500957418,100,0.0,batch8,rosenbrock20,79,quality-final
0.028004963321269925,0.028004963321269925,300,0.0,batch8,rosenbrock20,79,quality-final
0.005597520557488447,0.005597520557488447,1000,0.0,batch8,rosenbrock20,79,quality-final
0.11877153041852441,0.11877153041852441,100,0.0,batch8,rotated_ellipsoid20,17,quality-final
0.06174441477889417,0.06174441477889417,300,0.0,batch8,rotated_ellipsoid20,17,quality-final
0.011848348216921585,0.011848348216921585,1000,0.0,batch8,rotated_ellipsoid20,17,quality-final
0.059296485117464506,0.059296485117464506,100,0.0,batch8,rotated_ellipsoid20,48,quality-final
0.022114521771460675,0.022114521771460675,300,0.0,batch8,rotated_ellipsoid20,48,quality-final
0.012826993273236168,0.012826993273236168,1000,0.0,batch8,rotated_ellipsoid20,48,quality-final
0.0665942129894101,0.0665942129894101,100,0.0,batch8,rotated_ellipsoid20,79,quality-final
0.04592293418077537,0.04592293418077537,300,0.0,batch8,rotated_ellipsoid20,79,quality-final
0.022158536779641472,0.022158536779641472,1000,0.0,batch8,rotated_ellipsoid20,79,quality-final
0.4282801892661326,0.4282801892661326,100,0.0,batch8,rotated_rastrigin10,17,quality-final
0.36211934984309,0.36211934984309,300,0.0,batch8,rotated_rastrigin10,17,quality-final
0.20874927404290547,0.20874927404290547,1000,0.0,batch8,rotated_rastrigin10,17,quality-final
0.34509228316215956,0.34509228316215956,100,0.0,batch8,rotated_rastrigin10,48,quality-final
0.34509228316215956,0.34509228316215956,300,0.0,batch8,rotated_rastrigin10,48,quality-final
0.33951849832787095,0.33951849832787095,1000,0.0,batch8,rotated_rastrigin10,48,quality-final
0.47194632469570214,0.47194632469570214,100,0.0,batch8,rotated_rastrigin10,79,quality-final
0.28686391203767,0.28686391203767,300,0.0,batch8,rotated_rastrigin10,79,quality-final
0.24670543725725716,0.24670543725725716,1000,0.0,batch8,rotated_rastrigin10,79,quality-final
0.5640460288019508,0.5640460288019508,100,0.0,batch8,rotated_rastrigin20,17,quality-final
0.4765640481321151,0.4765640481321151,300,0.0,batch8,rotated_rastrigin20,17,quality-final
0.35003747979406835,0.35003747979406835,1000,0.0,batch8,rotated_rastrigin20,17,quality-final
0.45186249447094023,0.45186249447094023,100,0.0,batch8,rotated_rastrigin20,48,quality-final
0.45186249447094023,0.45186249447094023,300,0.0,batch8,rotated_rastrigin20,48,quality-final
0.3115149987661366,0.3115149987661366,1000,0.0,batch8,rotated_rastrigin20,48,quality-final
0.5382778570915394,0.5382778570915394,100,0.0,batch8,rotated_rastrigin20,79,quality-final
0.4373655740917382,0.4373655740917382,300,0.0,batch8,rotated_rastrigin20,79,quality-final
0.35635977193165125,0.35635977193165125,1000,0.0,batch8,rotated_rastrigin20,79,quality-final
0.5640460288019508,0.5640460288019508,100,0.0,batch8,rotated_rastrigin20_gaussian,17,quality-final
0.4765640481321151,0.4765640481321151,300,0.0,batch8,rotated_rastrigin20_gaussian,17,quality-final
0.35003747979406835,0.35003747979406835,1000,0.0,batch8,rotated_rastrigin20_gaussian,17,quality-final
0.45186249447094023,0.45186249447094023,100,0.0,batch8,rotated_rastrigin20_gaussian,48,quality-final
0.45186249447094023,0.45186249447094023,300,0.0,batch8,rotated_rastrigin20_gaussian,48,quality-final
0.3115149987661366,0.3115149987661366,1000,0.0,batch8,rotated_rastrigin20_gaussian,48,quality-final
0.5382778570915394,0.5382778570915394,100,0.0,batch8,rotated_rastrigin20_gaussian,79,quality-final
0.4373655740917382,0.4373655740917382,300,0.0,batch8,rotated_rastrigin20_gaussian,79,quality-final
0.35635977193165125,0.35635977193165125,1000,0.0,batch8,rotated_rastrigin20_gaussian,79,quality-final
0.5640460288019508,0.5640460288019508,100,0.0,batch8,rotated_rastrigin20_heavy,17,quality-final
0.4765640481321151,0.4765640481321151,300,0.0,batch8,rotated_rastrigin20_heavy,17,quality-final
0.4000998756313622,0.4000998756313622,1000,0.0,batch8,rotated_rastrigin20_heavy,17,quality-final
0.45186249447094023,0.45186249447094023,100,0.0,batch8,rotated_rastrigin20_heavy,48,quality-final
0.45186249447094023,0.45186249447094023,300,0.0,batch8,rotated_rastrigin20_heavy,48,quality-final
0.3115149987661366,0.3115149987661366,1000,0.0,batch8,rotated_rastrigin20_heavy,48,quality-final
0.5382778570915394,0.5382778570915394,100,0.0,batch8,rotated_rastrigin20_heavy,79,quality-final
0.4373655740917382,0.4373655740917382,300,0.0,batch8,rotated_rastrigin20_heavy,79,quality-final
0.35635977193165125,0.35635977193165125,1000,0.0,batch8,rotated_rastrigin20_heavy,79,quality-final
0.6208564548316788,0.6208564548316788,100,0.0,batch8,schwefel10,17,quality-final
0.2504187137787501,0.2504187137787501,300,0.0,batch8,schwefel10,17,quality-final
0.19005848533734693,0.19005848533734693,1000,0.0,batch8,schwefel10,17,quality-final
0.5005725758098651,0.5005725758098651,100,0.0,batch8,schwefel10,48,quality-final
0.3063762275145459,0.3063762275145459,300,0.0,batch8,schwefel10,48,quality-final
0.19712117681308589,0.19712117681308589,1000,0.0,batch8,schwefel10,48,quality-final
0.6271064590324966,0.6271064590324966,100,0.0,batch8,schwefel10,79,quality-final
0.22297143896983218,0.22297143896983218,300,0.0,batch8,schwefel10,79,quality-final
0.16131258348326954,0.16131258348326954,1000,0.0,batch8,schwefel10,79,quality-final
0.5532102138104675,0.5532102138104675,100,0.0,batch8,styblinski_tang20,17,quality-final
0.20687279208236134,0.20687279208236134,300,0.0,batch8,styblinski_tang20,17,quality-final
0.08225121034411188,0.08225121034411188,1000,0.0,batch8,styblinski_tang20,17,quality-final
0.41500685792880215,0.41500685792880215,100,0.0,batch8,styblinski_tang20,48,quality-final
0.18021690358638776,0.18021690358638776,300,0.0,batch8,styblinski_tang20,48,quality-final
0.06388533292331655,0.06388533292331655,1000,0.0,batch8,styblinski_tang20,48,quality-final
0.44870008614764695,0.44870008614764695,100,0.0,batch8,styblinski_tang20,79,quality-final
0.31363495162540056,0.31363495162540056,300,0.0,batch8,styblinski_tang20,79,quality-final
0.08927026663328437,0.08927026663328437,1000,0.0,batch8,styblinski_tang20,79,quality-final
0.22053269387838073,0.22053269387838073,100,0.0,batch8,bbob_f15_d32,17,quality-32
0.1255547959166207,0.1255547959166207,300,0.0,batch8,bbob_f15_d32,17,quality-32
0.06910208306593307,0.06910208306593307,1000,0.0,batch8,bbob_f15_d32,17,quality-32
0.1867150095337302,0.1867150095337302,100,0.0,batch8,bbob_f15_d32,48,quality-32
0.11989625883439034,0.11989625883439034,300,0.0,batch8,bbob_f15_d32,48,quality-32
0.07537542773268952,0.07537542773268952,1000,0.0,batch8,bbob_f15_d32,48,quality-32
0.24507280601392253,0.24507280601392253,100,0.0,batch8,bbob_f15_d32,79,quality-32
0.1376272620634857,0.1376272620634857,300,0.0,batch8,bbob_f15_d32,79,quality-32
0.07620984798439072,0.07620984798439072,1000,0.0,batch8,bbob_f15_d32,79,quality-32
0.5021631927623863,0.5021631927623863,100,0.0,batch8,bbob_f16_d32,17,quality-32
0.5021631927623863,0.5021631927623863,300,0.0,batch8,bbob_f16_d32,17,quality-32
0.43513661331672693,0.43513661331672693,1000,0.0,batch8,bbob_f16_d32,17,quality-32
0.6084754146438671,0.6084754146438671,100,0.0,batch8,bbob_f16_d32,48,quality-32
0.5168759610772494,0.5168759610772494,300,0.0,batch8,bbob_f16_d32,48,quality-32
0.46249779024056337,0.46249779024056337,1000,0.0,batch8,bbob_f16_d32,48,quality-32
0.5865620463896625,0.5865620463896625,100,0.0,batch8,bbob_f16_d32,79,quality-32
0.5089344592366325,0.5089344592366325,300,0.0,batch8,bbob_f16_d32,79,quality-32
0.5004996819882451,0.5004996819882451,1000,0.0,batch8,bbob_f16_d32,79,quality-32
0.29708689669549554,0.29708689669549554,100,0.0,batch8,bbob_f17_d32,17,quality-32
0.1642315164406649,0.1642315164406649,300,0.0,batch8,bbob_f17_d32,17,quality-32
0.06282604545377118,0.06282604545377118,1000,0.0,batch8,bbob_f17_d32,17,quality-32
0.30383991896066687,0.30383991896066687,100,0.0,batch8,bbob_f17_d32,48,quality-32
0.20829459847046525,0.20829459847046525,300,0.0,batch8,bbob_f17_d32,48,quality-32
0.07121402888375755,0.07121402888375755,1000,0.0,batch8,bbob_f17_d32,48,quality-32
0.28351645527200586,0.28351645527200586,100,0.0,batch8,bbob_f17_d32,79,quality-32
0.19279926062473526,0.19279926062473526,300,0.0,batch8,bbob_f17_d32,79,quality-32
0.09099941054644503,0.09099941054644503,1000,0.0,batch8,bbob_f17_d32,79,quality-32
0.18668217796979686,0.18668217796979686,100,0.0,batch8,bbob_f18_d32,17,quality-32
0.15902347129029282,0.15902347129029282,300,0.0,batch8,bbob_f18_d32,17,quality-32
0.08239176660921893,0.08239176660921893,1000,0.0,batch8,bbob_f18_d32,17,quality-32
0.2910978394336652,0.2910978394336652,100,0.0,batch8,bbob_f18_d32,48,quality-32
0.1915586288516868,0.1915586288516868,300,0.0,batch8,bbob_f18_d32,48,quality-32
0.0839362328448389,0.0839362328448389,1000,0.0,batch8,bbob_f18_d32,48,quality-32
0.23803417225898213,0.23803417225898213,100,0.0,batch8,bbob_f18_d32,79,quality-32
0.15471593949266838,0.15471593949266838,300,0.0,batch8,bbob_f18_d32,79,quality-32
0.07940382773486432,0.07940382773486432,1000,0.0,batch8,bbob_f18_d32,79,quality-32
0.40079560619277876,0.40079560619277876,100,0.0,batch8,bbob_f19_d32,17,quality-32
0.15593233517191216,0.15593233517191216,300,0.0,batch8,bbob_f19_d32,17,quality-32
0.1274459335557141,0.1274459335557141,1000,0.0,batch8,bbob_f19_d32,17,quality-32
0.33371074452895666,0.33371074452895666,100,0.0,batch8,bbob_f19_d32,48,quality-32
0.1947019189594967,0.1947019189594967,300,0.0,batch8,bbob_f19_d32,48,quality-32
0.13338601615311949,0.13338601615311949,1000,0.0,batch8,bbob_f19_d32,48,quality-32
0.3243090671983704,0.3243090671983704,100,0.0,batch8,bbob_f19_d32,79,quality-32
0.17596247526945094,0.17596247526945094,300,0.0,batch8,bbob_f19_d32,79,quality-32
0.13153378793152298,0.13153378793152298,1000,0.0,batch8,bbob_f19_d32,79,quality-32
0.08582722020306528,0.08582722020306528,100,0.0,batch8,bbob_f20_d32,17,quality-32
0.015302445361445054,0.015302445361445054,300,0.0,batch8,bbob_f20_d32,17,quality-32
0.0004994858174526051,0.0004994858174526051,1000,0.0,batch8,bbob_f20_d32,17,quality-32
0.14193663908831575,0.14193663908831575,100,0.0,batch8,bbob_f20_d32,48,quality-32
0.025548031071239197,0.025548031071239197,300,0.0,batch8,bbob_f20_d32,48,quality-32
2.196896353164854e-05,2.196896353164854e-05,1000,0.0,batch8,bbob_f20_d32,48,quality-32
0.12173180059878312,0.12173180059878312,100,0.0,batch8,bbob_f20_d32,79,quality-32
0.007073362728519004,0.007073362728519004,300,0.0,batch8,bbob_f20_d32,79,quality-32
0.0003744126371381576,0.0003744126371381576,1000,0.0,batch8,bbob_f20_d32,79,quality-32
0.9049591146911605,0.9049591146911605,100,0.0,batch8,bbob_f21_d32,17,quality-32
0.34874903635956067,0.34874903635956067,300,0.0,batch8,bbob_f21_d32,17,quality-32
0.11047127401667044,0.11047127401667044,1000,0.0,batch8,bbob_f21_d32,17,quality-32
0.9315882300179806,0.9315882300179806,100,0.0,batch8,bbob_f21_d32,48,quality-32
0.5617488603156917,0.5617488603156917,300,0.0,batch8,bbob_f21_d32,48,quality-32
0.11679873875798648,0.11679873875798648,1000,0.0,batch8,bbob_f21_d32,48,quality-32
0.9596808033418545,0.9596808033418545,100,0.0,batch8,bbob_f21_d32,79,quality-32
0.8656528752582988,0.8656528752582988,300,0.0,batch8,bbob_f21_d32,79,quality-32
0.09796051795845505,0.09796051795845505,1000,0.0,batch8,bbob_f21_d32,79,quality-32
0.8744873750073147,0.8744873750073147,100,0.0,batch8,bbob_f22_d32,17,quality-32
0.5878598781161428,0.5878598781161428,300,0.0,batch8,bbob_f22_d32,17,quality-32
0.2651698530025425,0.2651698530025425,1000,0.0,batch8,bbob_f22_d32,17,quality-32
0.921150363989421,0.921150363989421,100,0.0,batch8,bbob_f22_d32,48,quality-32
0.8178331719126959,0.8178331719126959,300,0.0,batch8,bbob_f22_d32,48,quality-32
0.5216114915619864,0.5216114915619864,1000,0.0,batch8,bbob_f22_d32,48,quality-32
0.8283835315147289,0.8283835315147289,100,0.0,batch8,bbob_f22_d32,79,quality-32
0.5695901733486622,0.5695901733486622,300,0.0,batch8,bbob_f22_d32,79,quality-32
0.2712708398851843,0.2712708398851843,1000,0.0,batch8,bbob_f22_d32,79,quality-32
0.4886413367682752,0.4886413367682752,100,0.0,batch8,bbob_f23_d32,17,quality-32
0.451750737188878,0.451750737188878,300,0.0,batch8,bbob_f23_d32,17,quality-32
0.3425969780169421,0.3425969780169421,1000,0.0,batch8,bbob_f23_d32,17,quality-32
0.4421962648670744,0.4421962648670744,100,0.0,batch8,bbob_f23_d32,48,quality-32
0.43766713493947257,0.43766713493947257,300,0.0,batch8,bbob_f23_d32,48,quality-32
0.3846118437098402,0.3846118437098402,1000,0.0,batch8,bbob_f23_d32,48,quality-32
0.29768134832297377,0.29768134832297377,100,0.0,batch8,bbob_f23_d32,79,quality-32
0.29768134832297377,0.29768134832297377,300,0.0,batch8,bbob_f23_d32,79,quality-32
0.29768134832297377,0.29768134832297377,1000,0.0,batch8,bbob_f23_d32,79,quality-32
0.5888600839476458,0.5888600839476458,100,0.0,batch8,bbob_f24_d32,17,quality-32
0.36825165398799214,0.36825165398799214,300,0.0,batch8,bbob_f24_d32,17,quality-32
0.25405680613533393,0.25405680613533393,1000,0.0,batch8,bbob_f24_d32,17,quality-32
0.4616608417278734,0.4616608417278734,100,0.0,batch8,bbob_f24_d32,48,quality-32
0.3253991216268122,0.3253991216268122,300,0.0,batch8,bbob_f24_d32,48,quality-32
0.2504073803744951,0.2504073803744951,1000,0.0,batch8,bbob_f24_d32,48,quality-32
0.510220676546908,0.510220676546908,100,0.0,batch8,bbob_f24_d32,79,quality-32
0.3376688769311145,0.3376688769311145,300,0.0,batch8,bbob_f24_d32,79,quality-32
0.2941903522032234,0.2941903522032234,1000,0.0,batch8,bbob_f24_d32,79,quality-32
