barrier_seconds,best_objective,billing_bytes,billing_lines,billing_sha256,busy_seconds,elapsed_seconds,final_json_bytes,final_json_render_seconds,final_json_write_seconds,idle_seconds,label,native_binary_sha256,peak_rss_kib,progress_bytes,progress_serialization_seconds,progress_write_seconds,proposal_seconds,suite,trials_completed,wall_seconds,worker_seconds
71.26999261500092,137,2145854315,1000000,32e20bb51044de394b9cb4417300de9cbd3523dc433d77633e03dc13bc4fbc30,3213.00937531,490.75466504500037,22860,0.000474396,0.0001336,712.99165481,million-d64-none-delay3-lag1,70bfe9a5759ee55f5ef368adbc6146f33240e36f047cf35b32df1832c9c54c4e,21276,2145854315,53.5528807760006,4.028087140999909,404.9584001269971,million-final,1000000,490.75,3926.00103012
,83.49000000000001,0,0,,4.870750219,8.365137103000052,515064,,,61.931730149,real-d4-before,,12004,,,,,real-final-v2,1000,8.35,66.802480368
0.6015081190000003,83.49000000000001,508980,1000,4f221b84735a307cf1061bdf1648d8489e902f160af02d0672b7f684375db1d2,4.828928261,5.661195482999574,6621,6.5758e-05,8.264e-05,40.421537363,real-d4-after-lag0,,10620,508980,0.011756414999999994,0.004599453000000001,5.048173071000007,real-final-v2,1000,5.66,45.250465624
0.059383690000000086,90.91,512002,1000,a3ef61df567594d3aa07d77a761235b035c52a3fc139463bd6d5d3fdada26e3b,5.656597603,5.462607278000178,6601,8.3162e-05,8.281e-05,38.004806564999996,real-d4-after-lag1,,11056,512002,0.015594503000000008,0.004670075999999997,5.388565515000001,real-final-v2,1000,5.46,43.661404168
,8866.514173492495,0,0,,376.991306886,66.11814557800062,792971,,,151.14334243399998,real-d12-before,,68912,,,,,real-final-v2,1000,66.1,528.13464932
51.174244575999936,8866.514173492495,786891,1000,b7cd86ce85fe75e8ea6cb6f9d2642b9a7cfe514b6e815d28d406aa8fb01d455d,408.301305294,60.08660413400048,9355,0.00014905,9.756e-05,71.73335951400003,real-d12-after-lag0,,72948,786891,0.03359626900000001,0.01210867999999999,8.817162328000004,real-final-v2,1000,60.08,480.034664808
35.98437413600001,10684.210150444802,780635,1000,84522df8e6b211a134413398a0326c318bda8331c0ae14f79937694902829554,427.576914635,53.820059506999314,9334,0.000126987,0.000130888,2.334306517000016,real-d12-after-lag1,,63136,780635,0.04719342899999999,0.016977775999999993,17.706158823000006,real-final-v2,1000,53.81,429.911221152
49.26586923499999,0,12576,16,d29f657621611563264ba90035c5e045f69b0cc9f615aa9305b999fb12f2c4f0,372.20809889,54.035390880000705,9245,0.000125723,9.628e-05,21.95680733400002,real-d12-after-lag0,,2564544,12576,0.000581628,6.3983e-05,0.00011004,real-slow,16,54.03,394.164906224
48.81816983099999,0,12576,16,d29f657621611563264ba90035c5e045f69b0cc9f615aa9305b999fb12f2c4f0,371.166937218,53.41014430599989,9245,0.000136197,9.783e-05,19.449035014000003,real-d12-after-lag1,,2534608,12576,0.000673234,0.00021777600000000004,7.002500000000001e-05,real-slow,16,53.4,390.615972232
,137,0,0,,0.015317028,0.02514328600045701,604737,,,0.047107244000000006,output-n1000-d8-before,,7744,,,,,output-final,1000,0.01,0.062424272
0.0011009060000000018,137,0,0,,0.020534789,0.04511582300074224,604820,0.008377724,0.018895811,0.043289803,million-d8-all-delay0-lag1,70bfe9a5759ee55f5ef368adbc6146f33240e36f047cf35b32df1832c9c54c4e,6944,0,0,0,0.0008959210000000008,output-final,1000,0.03,0.063824592
0.03621826700000003,137,598804,1000,faa55298eb97db6442b33a06edc3656be29f896c207c5834b4548412090da324,0.247360081,0.04312707600001886,13304,0.000183929,7.7655e-05,0.075576855,million-d8-best-k-delay0-lag1,,4384,598804,0.013539618000000012,0.0018477850000000002,0.0009142310000000003,output-final,1000,0.04,0.322936936
0.04138498000000004,137,598804,1000,faa55298eb97db6442b33a06edc3656be29f896c207c5834b4548412090da324,0.292650476,0.048186537999754364,7274,9.3832e-05,7.7237e-05,0.07072786800000003,million-d8-none-delay0-lag1,,4588,598804,0.013783346000000005,0.0020609870000000007,0.0009300789999999988,output-final,1000,0.04,0.363378344
,137,0,0,,0.14892192,0.23139167899989843,6048661,,,0.44580469599999994,output-n10000-d8-before,,36432,,,,,output-final,10000,0.16,0.594726616
0.009982350999999997,137,0,0,,0.19977936,0.24232024799857754,6048744,0.084377951,0.002086817,0.42098332800000005,million-d8-all-delay0-lag1,70bfe9a5759ee55f5ef368adbc6146f33240e36f047cf35b32df1832c9c54c4e,33048,0,0,0,0.009121618000000036,output-final,10000,0.17,0.620762688
0.3911843940000004,137,5997726,10000,ffcc6df3c06cc1c775049d1db5deac8fa03bde8183d6927353f3ce2a1b49d749,2.709940703,0.43343339799957903,13307,0.000190439,0.000114237,0.7324783849999998,million-d8-best-k-delay0-lag1,,4588,5997726,0.1378694140000002,0.020205340000000002,0.009566134999999998,output-final,10000,0.43,3.442419088
0.38395851300000094,137,5997726,10000,ffcc6df3c06cc1c775049d1db5deac8fa03bde8183d6927353f3ce2a1b49d749,2.646727585,0.42542685600074037,7277,9.2979e-05,0.000110538,0.7336185510000002,million-d8-none-delay0-lag1,,4752,5997726,0.1363967790000002,0.019951343999999992,0.009460159000000006,output-final,10000,0.42,3.380346136
,137,0,0,,1.450515143,2.2948265909999463,60579370,,,4.439350777,output-n100000-d8-before,,310936,,,,,output-final,100000,1.61,5.88986592
0.09499771499999969,137,0,0,,1.975454014,2.445269100000587,60579453,0.82653261,0.104541149,4.170717754,million-d8-all-delay0-lag1,70bfe9a5759ee55f5ef368adbc6146f33240e36f047cf35b32df1832c9c54c4e,285540,0,0,0,0.0860670809999997,output-final,100000,1.77,6.146171768
3.9962098939999784,137,60078433,100000,18ab0889193ab5172262eab9a64e8f852aa75dc63b83d2908da7cb3d242adb69,27.7661358,4.388873292000426,13310,0.000183057,0.000122374,7.319040551999997,million-d8-best-k-delay0-lag1,,4664,60078433,1.372383426999982,0.20650197099999476,0.09969603499999966,output-final,100000,4.38,35.085176352
3.948656727999967,137,60078433,100000,18ab0889193ab5172262eab9a64e8f852aa75dc63b83d2908da7cb3d242adb69,27.379468968,4.341912194999168,7280,0.000103082,0.000111215,7.3321230639999975,million-d8-none-delay0-lag1,,4528,60078433,1.3910211810000082,0.2039116549999949,0.1005350110000004,output-final,100000,4.34,34.711592032
,137,0,0,,14.557206964,22.64824771200074,606780118,,,44.294550156,output-n1000000-d8-before,,3253488,,,,,output-final,1000000,15.91,58.85175712
0.9065680110000064,137,0,0,,19.133391347,27.261916692999876,606780201,8.469584176,3.767364044,41.978009461,million-d8-all-delay0-lag1,70bfe9a5759ee55f5ef368adbc6146f33240e36f047cf35b32df1832c9c54c4e,2526612,0,0,0,0.8928920649999514,output-final,1000000,20.54,61.111400808
38.82008430899866,137,601779179,1000000,a2201f3fdf830efa917d076b31e423d43f28e199ae55df92983ddf393a25132d,268.711085981,42.7497181079998,13313,0.000188634,0.000121839,73.25862717900003,million-d8-best-k-delay0-lag1,,4740,601779179,13.813131311999799,2.0086993260000154,1.0208272849999795,output-final,1000000,42.74,341.96971316
39.53674380199664,137,601779179,1000000,a2201f3fdf830efa917d076b31e423d43f28e199ae55df92983ddf393a25132d,274.087338159,43.43452141099988,7283,9.238e-05,0.000117359,73.36528408099997,million-d8-none-delay0-lag1,,4628,601779179,13.72914341699999,2.0572984230000135,1.0173913470000389,output-final,1000000,43.43,347.45262224
