ask_us,dims,history,mode,peak_rss_kib,populate_s,retained_observations,sampler,startup_trials,tell_us
1.918105469,16,1,snapshot,3496,1.4014e-05,,legacy-default,10,0
1.947867188,16,2,snapshot,3496,2.7144e-05,,legacy-default,10,0
1.960214844,16,4,snapshot,3496,3.998e-05,,legacy-default,10,0
1.897835938,16,8,snapshot,3388,3.8663e-05,,legacy-default,10,0
920.7187227,16,16,snapshot,3768,0.004748574,,legacy-default,10,0
1552.077977,16,32,snapshot,3764,0.025598463,,legacy-default,10,0
2456.821508,16,64,snapshot,4120,0.086925993,,legacy-default,10,0
3980.66718,16,128,snapshot,4172,0.294099293,,legacy-default,10,0
228.442875,16,1,snapshot,3624,1.3055e-05,,legacy-forced-fit,1,0
279.301543,16,2,snapshot,3736,1.7526e-05,,legacy-forced-fit,2,0
379.6291836,16,4,snapshot,3664,2.5478e-05,,legacy-forced-fit,4,0
570.439625,16,8,snapshot,3716,3.7771e-05,,legacy-forced-fit,8,0
896.2087383,16,16,snapshot,3640,6.9095e-05,,legacy-forced-fit,16,0
7766.59825,16,256,snapshot,4376,0.00089567,,legacy-forced-fit,256,0
14118.75094,16,512,snapshot,4956,0.001714986,,legacy-forced-fit,512,0
27652.27022,16,1024,snapshot,6112,0.003443336,,legacy-forced-fit,1024,0
55351.04109,16,2048,snapshot,8416,0.006821433,,legacy-forced-fit,2048,0
112201.3345,16,4096,snapshot,12884,0.01364776,,legacy-forced-fit,4096,0
0.8685654297,8,8,snapshot,3372,3.8089e-05,,legacy-switch-cost,10,0
284.9714258,8,8,snapshot,3664,2.0035e-05,,legacy-switch-cost,8,0
1.926037109,16,8,snapshot,3480,7.3106e-05,,legacy-switch-cost,10,0
570.9768945,16,8,snapshot,3740,8.1744e-05,,legacy-switch-cost,8,0
4.718483398,32,8,snapshot,3484,7.6814e-05,,legacy-switch-cost,10,0
1167.558957,32,8,snapshot,3832,7.7147e-05,,legacy-switch-cost,8,0
13.78279492,64,8,snapshot,3628,0.000205705,,legacy-switch-cost,10,0
2380.35027,64,8,snapshot,3768,0.000203301,,legacy-switch-cost,8,0
74.78389844,8,1000,batch8_updates,5128,0.00744555,537,switch8,1000,6.989667969
149.5519883,16,1000,batch8_updates,6152,0.009399518,537,switch8,1000,7.323699219
308.3618867,32,1000,batch8_updates,8456,0.014139002,537,switch8,1000,8.122121094
641.4695156,64,1000,batch8_updates,12808,0.027332709,537,switch8,1000,9.844417969
74.07396484,8,10000,batch8_updates,5124,0.077773947,537,switch8,10000,7.044488281
149.0440937,16,10000,batch8_updates,6012,0.094076866,537,switch8,10000,7.363152344
307.2936523,32,10000,batch8_updates,8328,0.140072171,537,switch8,10000,8.219910156
657.9128945,64,10000,batch8_updates,12652,0.271444503,537,switch8,10000,10.74691797
70.35063281,8,100000,batch8_updates,5168,0.770446866,537,switch8,100000,6.852121094
139.8492227,16,100000,batch8_updates,6152,0.94353245,537,switch8,100000,7.211210938
289.1205742,32,100000,batch8_updates,8256,1.370827438,537,switch8,100000,8.068777344
612.8888633,64,100000,batch8_updates,12784,2.687529335,537,switch8,100000,10.47674219
68.94786719,8,1000000,batch8_updates,4996,7.755552592,537,switch8,1000000,6.926609375
140.4894531,16,1000000,batch8_updates,6148,10.13192558,537,switch8,1000000,7.978941406
288.7950742,32,1000000,batch8_updates,8252,13.75958926,537,switch8,1000000,8.319652344
625.5031836,64,1000000,batch8_updates,12656,26.9384613,537,switch8,1000000,10.811875
