budget,paired_ratio,problem,reference,reference_regret,review_regret,seed,variant
3000,0.938367744534981,rotated_rastrigin20,baseline,0.3366878591490348,0.31593702700199117,17,fresh
3000,0.797032900031681,rotated_rastrigin20,baseline,0.3115149987661366,0.2482877028699394,48,fresh
3000,0.8636294849916593,rotated_rastrigin20,baseline,0.35635977193165125,0.30776280630507713,79,fresh
3000,0.9398071374418987,rotated_rastrigin20,baseline,0.3304935870751306,0.3106002320119834,110,fresh
3000,1.2520987253189484,rotated_rastrigin20,baseline,0.2950371626669063,0.36941565529695264,141,fresh
3000,0.963937632700557,rotated_rastrigin20,baseline,0.3076294421515888,0.2965355962165954,172,fresh
3000,1.030450526668113,rotated_rastrigin20,baseline,0.3326497046800918,0.3427790633835928,203,fresh
3000,0.9574799782051117,rotated_rastrigin20,baseline,0.33770568966266923,0.32334643637795474,234,fresh
3000,0.9054390064206511,rotated_rastrigin20,baseline,0.35311186163439967,0.3197212531535973,265,fresh
3000,1.131634580841963,rotated_rastrigin20,baseline,0.3227991328155023,0.3652906613598201,296,fresh
3000,0.9534130853982608,ackley20,baseline,0.37445783281783873,0.3570129977384017,17,fresh
3000,0.9388776376977069,ackley20,baseline,0.35601435228484285,0.3342539140596725,48,fresh
3000,0.9434217625923008,ackley20,baseline,0.38672553364104184,0.3648452845870798,79,fresh
3000,1.0688316198504375,ackley20,baseline,0.3321155796237634,0.35497563294683404,110,fresh
3000,0.9631556479915133,ackley20,baseline,0.3704205554702741,0.35677265013334813,141,fresh
3000,1.0,ackley20,baseline,0.31619714149770994,0.31619714149770994,172,fresh
3000,0.9477585264057973,ackley20,baseline,0.35815221428226973,0.3394418148371373,203,fresh
3000,0.9887223421892871,ackley20,baseline,0.33740251091004486,0.33359740084752604,234,fresh
3000,1.014186363632474,ackley20,baseline,0.3248002299079288,0.3294079640773138,265,fresh
3000,0.9701156969882055,ackley20,baseline,0.3459999433548769,0.335659976205596,296,fresh
3000,0.9409624251132382,bbob_f15_d20,baseline,0.10069350976636407,0.09474880914292147,17,fresh
3000,0.8736284808318523,bbob_f15_d20,baseline,0.0953992049029884,0.08334346245196435,48,fresh
3000,1.108953294757042,bbob_f15_d20,baseline,0.0845448494055942,0.09375628930307163,79,fresh
3000,0.940138990358175,bbob_f15_d20,baseline,0.09473722727253187,0.08906616119733107,110,fresh
3000,1.1649642997187781,bbob_f15_d20,baseline,0.08129173360199517,0.09470196750857376,141,fresh
3000,1.0729113907140748,bbob_f15_d20,baseline,0.08297898733370228,0.08902910070024811,172,fresh
3000,1.0,bbob_f15_d20,baseline,0.08782794259065384,0.08782794259065384,203,fresh
3000,1.275605349074646,bbob_f15_d20,baseline,0.07222037689628424,0.09212469908108716,234,fresh
3000,0.9548823897840156,bbob_f15_d20,baseline,0.08809246056304235,0.08411793926439202,265,fresh
3000,1.0067034224148177,bbob_f15_d20,baseline,0.09753226423618123,0.09818606420242997,296,fresh
3000,1.276951901637747,bbob_f21_d20,baseline,0.09270211488026046,0.11837614188218949,17,fresh
3000,0.9724050304072993,bbob_f21_d20,baseline,0.12329189292567924,0.11988965688936862,48,fresh
3000,0.9144713643732075,bbob_f21_d20,baseline,0.047061533914010405,0.043036425127841074,79,fresh
3000,1.00943269414226,bbob_f21_d20,baseline,0.1142362867121539,0.11531384266465718,110,fresh
3000,0.9627172461913712,bbob_f21_d20,baseline,0.27537650642230765,0.2651097119286845,141,fresh
3000,0.9686523659137766,bbob_f21_d20,baseline,0.044358784420100134,0.04296824147758917,172,fresh
3000,1.5364226579846487,bbob_f21_d20,baseline,0.0015948883426174841,0.002450422586553086,203,fresh
3000,0.9739462827555698,bbob_f21_d20,baseline,0.022923728666138784,0.022326480321283166,234,fresh
3000,1.6733890366353452,bbob_f21_d20,baseline,0.0028038756605796872,0.004691974790502735,265,fresh
3000,1.0684120673185977,bbob_f21_d20,baseline,0.05418554004753566,0.05789248486096225,296,fresh
3000,0.895450068619628,bbob_f24_d20,baseline,0.19723098233666608,0.17661049666728426,17,fresh
3000,1.0584165642131007,bbob_f24_d20,baseline,0.1953082412990706,0.2067174777182655,48,fresh
3000,0.9135858979028673,bbob_f24_d20,baseline,0.22531046283256473,0.20584046149379925,79,fresh
3000,0.9627711161456984,bbob_f24_d20,baseline,0.19083576156169796,0.18373115915927032,110,fresh
3000,1.0,bbob_f24_d20,baseline,0.2058529914260234,0.2058529914260234,141,fresh
3000,0.8732549352508032,bbob_f24_d20,baseline,0.21187888046544218,0.1850242780418624,172,fresh
3000,1.000351584589671,bbob_f24_d20,baseline,0.1957296875883463,0.19579850313024352,203,fresh
3000,1.2215597862642902,bbob_f24_d20,baseline,0.16403803310336976,0.20038226465696693,234,fresh
3000,1.001558279845939,bbob_f24_d20,baseline,0.21549349261489792,0.21582929178137072,265,fresh
3000,0.9070011635758637,bbob_f24_d20,baseline,0.22259973875076705,0.20189822205862898,296,fresh
3000,9.745241819642262,mixed_irrelevant15,baseline,1.2603994108414336e-05,0.00012282897047984407,17,fresh
3000,0.4487234689532037,mixed_irrelevant15,baseline,9.648097460447355e-05,4.3293277612505324e-05,48,fresh
3000,5.5859466156477025,mixed_irrelevant15,baseline,1.4858401570105294e-05,8.299823796446418e-05,79,fresh
3000,0.009536382054116594,mixed_irrelevant15,baseline,4.7941415889363184e-05,4.571876581362632e-07,110,fresh
3000,1.0316061473215021,mixed_irrelevant15,baseline,0.00014828676031199543,0.00015297353350424462,141,fresh
3000,0.4482717476132135,mixed_irrelevant15,baseline,0.00010124399095018707,4.538482075857673e-05,172,fresh
3000,0.3973404492913666,mixed_irrelevant15,baseline,0.00012168175205297671,4.834908203129043e-05,203,fresh
3000,58.20752611445428,mixed_irrelevant15,baseline,1.0729655729742755e-06,6.245467160881054e-05,234,fresh
3000,1.058136768886073,mixed_irrelevant15,baseline,0.00010402372384626316,0.00011007132703818205,265,fresh
3000,3.8184144152205888,mixed_irrelevant15,baseline,2.387164265404808e-05,9.115182442521186e-05,296,fresh
3000,0.8386524350649547,rosenbrock20,baseline,0.00576106462433294,0.004831530875763389,17,fresh
3000,1.0185868242497813,rosenbrock20,baseline,0.004196812620737941,0.004274818039328862,48,fresh
3000,1.1218112581088837,rosenbrock20,baseline,0.004063466901060558,0.004558442916562551,79,fresh
3000,1.2758670444376843,rosenbrock20,baseline,0.0038832045211038514,0.004954452675287824,110,fresh
3000,0.953960346851021,rosenbrock20,baseline,0.004888393826882413,0.004663333870637137,141,fresh
3000,1.186960052492114,rosenbrock20,baseline,0.004187187313403623,0.004970024073311878,172,fresh
3000,1.0052302317223967,rosenbrock20,baseline,0.004198377626117429,0.004220336113960149,203,fresh
3000,1.2083644458209175,rosenbrock20,baseline,0.004079912265340238,0.0049300209235058215,234,fresh
3000,1.4097607813592503,rosenbrock20,baseline,0.003019543730919266,0.00425683432944917,265,fresh
3000,1.0025245652549848,rosenbrock20,baseline,0.004306382522335861,0.004317254266026424,296,fresh
3000,1.351453428814838,rotated_ellipsoid20,baseline,0.004939265648494419,0.006675187496485127,17,fresh
3000,1.2715504336766068,rotated_ellipsoid20,baseline,0.005133801177176555,0.0065278871132483235,48,fresh
3000,2.3980452418560168,rotated_ellipsoid20,baseline,0.002021745485252894,0.004848237141154586,79,fresh
3000,1.1343514975171294,rotated_ellipsoid20,baseline,0.003124702673652839,0.0035445111571538756,110,fresh
3000,0.3333310038187015,rotated_ellipsoid20,baseline,0.00603214744200992,0.002010701762027579,141,fresh
3000,0.45006619548801674,rotated_ellipsoid20,baseline,0.004362512647384013,0.001963419469976479,172,fresh
3000,1.050673905295593,rotated_ellipsoid20,baseline,0.0031334243349076768,0.0032922071829056946,203,fresh
3000,2.6208942473972416,rotated_ellipsoid20,baseline,0.003227091421432174,0.008457865342256572,234,fresh
3000,0.7025191444946149,rotated_ellipsoid20,baseline,0.003387968393922723,0.002380112657673386,265,fresh
3000,1.2359932383916499,rotated_ellipsoid20,baseline,0.008601824380542671,0.010631796772183184,296,fresh
10000,0.981725152017112,rosenbrock10,full-history-fresh,0.0025319133818837323,0.002485643049723967,17,fresh
10000,0.9173549107690873,rosenbrock10,full-history-fresh,0.002567427223016096,0.0023552419710760565,48,fresh
10000,0.8851174744705748,rosenbrock10,full-history-fresh,0.0022586162667484,0.001999140725822502,79,fresh
10000,1.1676014948898785,rosenbrock10,full-history-fresh,0.0020058028378153823,0.002341978391887601,110,fresh
10000,1.2485739653854728,rosenbrock10,full-history-fresh,0.0020218362915875423,0.0025244121559477167,141,fresh
10000,1.1683079505919831,rosenbrock20,full-history-fresh,0.003461035370783719,0.004043555140966691,17,fresh
10000,0.9572797067001416,rosenbrock20,full-history-fresh,0.003867064283851518,0.0037018621634359746,48,fresh
10000,1.0266990163259655,rosenbrock20,full-history-fresh,0.003705103881723369,0.0038040265107508993,79,fresh
10000,1.0294522537240482,rosenbrock20,full-history-fresh,0.003496574411858987,0.003599556408602073,110,fresh
10000,0.9575684563949016,rosenbrock20,full-history-fresh,0.004721532000533431,0.004521190109569929,141,fresh
10000,1.0933480725837044,rotated_ellipsoid20,full-history-fresh,0.0022568255882642416,0.0024674959070862933,17,fresh
10000,1.5119205579265567,rotated_ellipsoid20,full-history-fresh,0.003335969751605835,0.005043721248074011,48,fresh
10000,0.769306344105226,rotated_ellipsoid20,full-history-fresh,0.0026559209364514285,0.002043216825853977,79,fresh
10000,0.9842811656853542,rotated_ellipsoid20,full-history-fresh,0.0027711675782042685,0.0027276080541843574,110,fresh
10000,0.99738287925755,rotated_ellipsoid20,full-history-fresh,0.002015977819395037,0.002010701762027579,141,fresh
10000,1.0914966369043166,bbob_f21_d10,full-history-fresh,0.028332953992839915,0.030925323996749497,17,fresh
10000,0.2850867289725353,bbob_f21_d10,full-history-fresh,0.0001559172003370285,4.444992463463893e-05,48,fresh
10000,0.9918092949054872,bbob_f21_d10,full-history-fresh,0.19481211875603596,0.19321647014246807,79,fresh
10000,0.9492885860583414,bbob_f21_d10,full-history-fresh,4.5473460601723154e-05,4.316743711778947e-05,110,fresh
10000,1.014862340236723,bbob_f21_d10,full-history-fresh,0.2245967704816147,0.22793480410058162,141,fresh
3000,1.0396498426725993,rotated_rastrigin20,baseline,0.3366878591490348,0.35003747979406835,17,reservoir448
3000,1.0,rotated_rastrigin20,baseline,0.3115149987661366,0.3115149987661366,48,reservoir448
3000,0.9742785519451431,rotated_rastrigin20,baseline,0.35635977193165125,0.3471936825690706,79,reservoir448
3000,1.0963747230998575,rotated_rastrigin20,baseline,0.3304935870751306,0.3623448150157749,110,reservoir448
3000,1.1553785342376073,rotated_rastrigin20,baseline,0.2950371626669063,0.34087960454771277,141,reservoir448
3000,0.7055530213374795,rotated_rastrigin20,baseline,0.3076294421515888,0.21704888236241685,172,reservoir448
3000,1.0793765474848012,rotated_rastrigin20,baseline,0.3326497046800918,0.3590542897594362,203,reservoir448
3000,1.0212086486540024,rotated_rastrigin20,baseline,0.33770568966266923,0.34486797098318234,234,reservoir448
3000,0.8865605701585131,rotated_rastrigin20,baseline,0.35311186163439967,0.31305505338032735,265,reservoir448
3000,1.1645314739369148,rotated_rastrigin20,baseline,0.3227991328155023,0.3759097499231948,296,reservoir448
3000,0.964523468829777,ackley20,baseline,0.37445783281783873,0.3611733678399425,17,reservoir448
3000,0.9322757601162426,ackley20,baseline,0.35601435228484285,0.33190355088864365,48,reservoir448
3000,1.012582392727177,ackley20,baseline,0.38672553364104184,0.3915914661829406,79,reservoir448
3000,1.0196172756396071,ackley20,baseline,0.3321155796237634,0.3386307824934507,110,reservoir448
3000,1.0463109951255365,ackley20,baseline,0.3704205554702741,0.3875751000090565,141,reservoir448
3000,1.0,ackley20,baseline,0.31619714149770994,0.31619714149770994,172,reservoir448
3000,0.9706938398853785,ackley20,baseline,0.35815221428226973,0.3476561481451073,203,reservoir448
3000,1.0273549856383808,ackley20,baseline,0.33740251091004486,0.3466321517503428,234,reservoir448
3000,1.0361131071560958,ackley20,baseline,0.3248002299079288,0.33652977541491835,265,reservoir448
3000,1.1149687717356194,ackley20,baseline,0.3459999433548769,0.38577913186298096,296,reservoir448
3000,1.0110783645598456,bbob_f15_d20,baseline,0.10069350976636407,0.10180902917636622,17,reservoir448
3000,0.9983329185642246,bbob_f15_d20,baseline,0.0953992049029884,0.09524016665950688,48,reservoir448
3000,1.0883447140326354,bbob_f15_d20,baseline,0.0845448494055942,0.09201393994926364,79,reservoir448
3000,0.9636145666594607,bbob_f15_d20,baseline,0.09473722727253187,0.09129017220473963,110,reservoir448
3000,1.1454512609613456,bbob_f15_d20,baseline,0.08129173360199517,0.09311571876013916,141,reservoir448
3000,1.0729113907140748,bbob_f15_d20,baseline,0.08297898733370228,0.08902910070024811,172,reservoir448
3000,1.0,bbob_f15_d20,baseline,0.08782794259065384,0.08782794259065384,203,reservoir448
3000,1.2400569937195454,bbob_f15_d20,baseline,0.07222037689628424,0.08955738345929876,234,reservoir448
3000,0.9846584575731018,bbob_f15_d20,baseline,0.08809246056304235,0.08674098634182457,265,reservoir448
3000,1.014803198975817,bbob_f15_d20,baseline,0.09753226423618123,0.0989760537502314,296,reservoir448
3000,1.1160877985548194,bbob_f21_d20,baseline,0.09270211488026046,0.10346369931808587,17,reservoir448
3000,1.0288135026284615,bbob_f21_d20,baseline,0.12329189292567924,0.12684436420656128,48,reservoir448
3000,0.853096819486347,bbob_f21_d20,baseline,0.047061533914010405,0.04014804490219113,79,reservoir448
3000,1.0450163408186863,bbob_f21_d20,baseline,0.1142362867121539,0.11937878632864939,110,reservoir448
3000,0.9872394604064919,bbob_f21_d20,baseline,0.27537650642230765,0.27186255360898387,141,reservoir448
3000,1.0623206021424587,bbob_f21_d20,baseline,0.044358784420100134,0.04712325057546829,172,reservoir448
3000,3.2171348709545935,bbob_f21_d20,baseline,0.0015948883426174841,0.005130970902313685,203,reservoir448
3000,0.9973955449627468,bbob_f21_d20,baseline,0.022923728666138784,0.022864024845541633,234,reservoir448
3000,1.3872176490021166,bbob_f21_d20,baseline,0.0028038756605796872,0.0038895858019636106,265,reservoir448
3000,1.0975686697862017,bbob_f21_d20,baseline,0.05418554004753566,0.05947235111162068,296,reservoir448
3000,1.0356472644767087,bbob_f24_d20,baseline,0.19723098233666608,0.2042617273270223,17,reservoir448
3000,0.9318887874312158,bbob_f24_d20,baseline,0.1953082412990706,0.18200556015951422,48,reservoir448
3000,0.7234000692555967,bbob_f24_d20,baseline,0.22531046283256473,0.16298960441708787,79,reservoir448
3000,1.0,bbob_f24_d20,baseline,0.19083576156169796,0.19083576156169796,110,reservoir448
3000,1.0,bbob_f24_d20,baseline,0.2058529914260234,0.2058529914260234,141,reservoir448
3000,0.9645917982051004,bbob_f24_d20,baseline,0.21187888046544218,0.2043766303098444,172,reservoir448
3000,1.046084955946752,bbob_f24_d20,baseline,0.1957296875883463,0.20474988161832677,203,reservoir448
3000,1.146091145151635,bbob_f24_d20,baseline,0.16403803310336976,0.18800253720786284,234,reservoir448
3000,0.9683458623619428,bbob_f24_d20,baseline,0.21549349261489792,0.20867223193956028,265,reservoir448
3000,0.9774353471578227,bbob_f24_d20,baseline,0.22259973875076705,0.21757685292309661,296,reservoir448
3000,10.537680170464784,mixed_irrelevant15,baseline,1.2603994108414336e-05,0.0001328168587848927,17,reservoir448
3000,0.38384076761860064,mixed_irrelevant15,baseline,9.648097460447355e-05,3.703333135277184e-05,48,reservoir448
3000,0.38254868503505185,mixed_irrelevant15,baseline,1.4858401570105294e-05,5.68406198236653e-06,79,reservoir448
3000,1.0,mixed_irrelevant15,baseline,4.7941415889363184e-05,4.7941415889363184e-05,110,reservoir448
3000,0.2581094782791701,mixed_irrelevant15,baseline,0.00014828676031199543,3.827421833983748e-05,141,reservoir448
3000,0.9232431888138606,mixed_irrelevant15,baseline,0.00010124399095018707,9.347282505309235e-05,172,reservoir448
3000,0.8662369560701214,mixed_irrelevant15,baseline,0.00012168175205297671,0.00010540523050764979,203,reservoir448
3000,6.822591799043601,mixed_irrelevant15,baseline,1.0729655729742755e-06,7.3204061188304106e-06,234,reservoir448
3000,0.0103280123582354,mixed_irrelevant15,baseline,0.00010402372384626316,1.0743583054338726e-06,265,reservoir448
3000,4.219502414075669,mixed_irrelevant15,baseline,2.387164265404808e-05,0.00010072645380670758,296,reservoir448
3000,0.9138902335293503,rosenbrock20,baseline,0.00576106462433294,0.00526498069490931,17,reservoir448
3000,1.0343724878495961,rosenbrock20,baseline,0.004196812620737941,0.004341067511551288,48,reservoir448
3000,0.8845026304780156,rosenbrock20,baseline,0.004063466901060558,0.0035941471628484134,79,reservoir448
3000,1.2574288722914724,rosenbrock20,baseline,0.0038832045211038514,0.004882853481848763,110,reservoir448
3000,0.9965744279262363,rosenbrock20,baseline,0.004888393826882413,0.004871648281503486,141,reservoir448
3000,0.956606208151141,rosenbrock20,baseline,0.004187187313403623,0.004005489378693603,172,reservoir448
3000,1.163162431980195,rosenbrock20,baseline,0.004198377626117429,0.004883395129965986,203,reservoir448
3000,1.1034597154676473,rosenbrock20,baseline,0.004079912265340238,0.004502018827445304,234,reservoir448
3000,1.1665704025526076,rosenbrock20,baseline,0.003019543730919266,0.003522510345703691,265,reservoir448
3000,1.0685238752512136,rosenbrock20,baseline,0.004306382522335861,0.00460147254108041,296,reservoir448
3000,1.0910668725882668,rotated_ellipsoid20,baseline,0.004939265648494419,0.005389069123985463,17,reservoir448
3000,1.2146450445719301,rotated_ellipsoid20,baseline,0.005133801177176555,0.0062357461596750435,48,reservoir448
3000,1.8214819141763579,rotated_ellipsoid20,baseline,0.002021745485252894,0.003682572836455851,79,reservoir448
3000,1.4528141331753714,rotated_ellipsoid20,baseline,0.003124702673652839,0.004539612206253715,110,reservoir448
3000,0.7651108872887057,rotated_ellipsoid20,baseline,0.00603214744200992,0.004615261681612506,141,reservoir448
3000,1.185474121625755,rotated_ellipsoid20,baseline,0.004362512647384013,0.00517164584873881,172,reservoir448
3000,1.362878204651098,rotated_ellipsoid20,baseline,0.0031334243349076768,0.004270475731969036,203,reservoir448
3000,2.0034745290120695,rotated_ellipsoid20,baseline,0.003227091421432174,0.006465395465632714,234,reservoir448
3000,1.1617153501452067,rotated_ellipsoid20,baseline,0.003387968393922723,0.0039358548890268295,265,reservoir448
3000,1.4811748015842847,rotated_ellipsoid20,baseline,0.008601824380542671,0.012740805520113155,296,reservoir448
10000,1.2556166104946116,rosenbrock10,full-history,0.0024626466942156357,0.0030921400950367967,17,reservoir448
10000,1.1224906717112615,rosenbrock10,full-history,0.0021982864049332907,0.0024675559832873038,48,reservoir448
10000,1.0483201015221149,rosenbrock10,full-history,0.0022596585934381783,0.0023688455260784304,79,reservoir448
10000,1.109842777707743,rosenbrock10,full-history,0.002170815591864737,0.002409264006366438,110,reservoir448
10000,0.8965766886889146,rosenbrock10,full-history,0.0026842386263932036,0.002406625779302499,141,reservoir448
10000,0.8193169585378975,rosenbrock20,full-history,0.004396007038116313,0.0036017231161806487,17,reservoir448
10000,1.079333966098367,rosenbrock20,full-history,0.0034430830510795685,0.003716236485127777,48,reservoir448
10000,0.9665287064853599,rosenbrock20,full-history,0.0037186139829390097,0.0035941471628484134,79,reservoir448
10000,0.9145359964776403,rosenbrock20,full-history,0.0038768916888048356,0.003545557003857012,110,reservoir448
10000,1.0867349508876358,rosenbrock20,full-history,0.00436731033507661,0.004746108782500544,141,reservoir448
10000,0.6195850333639251,rotated_ellipsoid20,full-history,0.0031532104517655772,0.0019536820029606525,17,reservoir448
10000,0.7558435346204402,rotated_ellipsoid20,full-history,0.004018224295253617,0.0030371488542222207,48,reservoir448
10000,0.9112862684856139,rotated_ellipsoid20,full-history,0.0026906586717150285,0.002451960300715647,79,reservoir448
10000,1.0000907815187132,rotated_ellipsoid20,full-history,0.0023458049141401884,0.002346017869872899,110,reservoir448
10000,0.4501076771503344,rotated_ellipsoid20,full-history,0.00228802251400926,0.0010298564990483764,141,reservoir448
10000,1.006548928101793,bbob_f21_d10,full-history,0.030652674601526507,0.030853416763619558,17,reservoir448
10000,1.1586401971240246,bbob_f21_d10,full-history,5.2884735476297036e-05,6.127438033710869e-05,48,reservoir448
10000,1.0117680069147599,bbob_f21_d10,full-history,0.1938971246744884,0.19617890737840987,79,reservoir448
10000,1.2622743274369355,bbob_f21_d10,full-history,4.480909729705441e-05,5.6561373153695554e-05,110,reservoir448
10000,1.005224722673294,bbob_f21_d10,full-history,0.223865391593696,0.22503502618092142,141,reservoir448
3000,0.9608633590237466,rotated_rastrigin20,baseline,0.3366878591490348,0.3235110272844557,17,final
3000,1.0,rotated_rastrigin20,baseline,0.3115149987661366,0.3115149987661366,48,final
3000,0.9898515565001667,rotated_rastrigin20,baseline,0.35635977193165125,0.3527432749205894,79,final
3000,0.998756739206739,rotated_rastrigin20,baseline,0.3304935870751306,0.3300826973558959,110,final
3000,1.2025375013296693,rotated_rastrigin20,baseline,0.2950371626669063,0.3547932523928567,141,final
3000,1.0,rotated_rastrigin20,baseline,0.3076294421515888,0.3076294421515888,172,final
3000,1.1243848916908235,rotated_rastrigin20,baseline,0.3326497046800918,0.37402630216770943,203,final
3000,1.0446792420086768,rotated_rastrigin20,baseline,0.33770568966266923,0.3527941238988147,234,final
3000,0.8732191441302022,rotated_rastrigin20,baseline,0.35311186163439967,0.30834403759861284,265,final
3000,0.9935141660882159,rotated_rastrigin20,baseline,0.3227991328155023,0.320705511253193,296,final
3000,0.9744839852452034,ackley20,baseline,0.37445783281783873,0.3649031612306096,17,final
3000,0.928937848688909,ackley20,baseline,0.35601435228484285,0.33071520651385733,48,final
3000,0.8314552247196529,ackley20,baseline,0.38672553364104184,0.32154496547834016,79,final
3000,1.0489151522526798,ackley20,baseline,0.3321155796237634,0.34836106376654685,110,final
3000,0.9853399048687265,ackley20,baseline,0.3704205554702741,0.3649901548885007,141,final
3000,1.0,ackley20,baseline,0.31619714149770994,0.31619714149770994,172,final
3000,0.9354772383541486,ackley20,baseline,0.35815221428226973,0.33504324432720095,203,final
3000,1.0190754827689417,ackley20,baseline,0.33740251091004486,0.34383862669310705,234,final
3000,1.0079196395605097,ackley20,baseline,0.3248002299079288,0.32737253065797023,265,final
3000,1.0650556200556704,ackley20,baseline,0.3459999433548769,0.36850918420905526,296,final
3000,1.0682587238537968,bbob_f15_d20,baseline,0.10069350976636407,0.10756672024337591,17,final
3000,1.001490448326945,bbob_f15_d20,baseline,0.0953992049029884,0.09554139248832794,48,final
3000,1.1440331870939848,bbob_f15_d20,baseline,0.0845448494055942,0.09672211351786293,79,final
3000,0.8885071557596186,bbob_f15_d20,baseline,0.09473722727253187,0.08417470434846985,110,final
3000,1.0927896264199297,bbob_f15_d20,baseline,0.08129173360199517,0.08883476319395275,141,final
3000,0.97675982394637,bbob_f15_d20,baseline,0.08297898733370228,0.0810505410593151,172,final
3000,1.0,bbob_f15_d20,baseline,0.08782794259065384,0.08782794259065384,203,final
3000,1.410644509776356,bbob_f15_d20,baseline,0.07222037689628424,0.10187727816272256,234,final
3000,1.0523601253827113,bbob_f15_d20,baseline,0.08809246056304235,0.09270499284339478,265,final
3000,1.0064087109664583,bbob_f15_d20,baseline,0.09753226423618123,0.09815732032757515,296,final
3000,1.0926854954341554,bbob_f21_d20,baseline,0.09270211488026046,0.10129425632573139,17,final
3000,1.0431537969819973,bbob_f21_d20,baseline,0.12329189292567924,0.12861240624252016,48,final
3000,0.8848588020568419,bbob_f21_d20,baseline,0.047061533914010405,0.041642812522108684,79,final
3000,1.02923534097537,bbob_f21_d20,baseline,0.1142362867121539,0.11757602350594386,110,final
3000,0.9810354409755129,bbob_f21_d20,baseline,0.27537650642230765,0.27015411241230475,141,final
3000,1.0445918645872139,bbob_f21_d20,baseline,0.044358784420100134,0.04633682532821465,172,final
3000,1.53771632456543,bbob_f21_d20,baseline,0.0015948883426174841,0.002452485840302008,203,final
3000,0.9124622414006813,bbob_f21_d20,baseline,0.022923728666138784,0.020917036839966045,234,final
3000,1.7332812650777354,bbob_f21_d20,baseline,0.0028038756605796872,0.004859905152090231,265,final
3000,1.122261591236805,bbob_f21_d20,baseline,0.05418554004753566,0.06081035039577299,296,final
3000,0.9174459078597765,bbob_f24_d20,baseline,0.19723098233666608,0.18094875764793816,17,final
3000,1.0482241642270098,bbob_f24_d20,baseline,0.1953082412990706,0.20472681800236542,48,final
3000,0.9653773357994209,bbob_f24_d20,baseline,0.22531046283256473,0.21750961433703578,79,final
3000,0.9975696974997608,bbob_f24_d20,baseline,0.19083576156169796,0.1903719729332395,110,final
3000,0.9485809353810245,bbob_f24_d20,baseline,0.2058529914260234,0.19526822315787928,141,final
3000,0.9479780927951879,bbob_f24_d20,baseline,0.21187888046544218,0.20085653700720946,172,final
3000,1.009133537762806,bbob_f24_d20,baseline,0.1957296875883463,0.19751739208123667,203,final
3000,1.150605941332421,bbob_f24_d20,baseline,0.16403803310336976,0.18874313549322158,234,final
3000,0.9287681951377368,bbob_f24_d20,baseline,0.21549349261489792,0.20014350219986596,265,final
3000,0.8967895930993713,bbob_f24_d20,baseline,0.22259973875076705,0.19962512913832675,296,final
3000,8.949613353623022,mixed_irrelevant15,baseline,1.2603994108414336e-05,0.00011280087398165084,17,final
3000,1.1901706559476914,mixed_irrelevant15,baseline,9.648097460447355e-05,0.00011482882483147884,48,final
3000,2.235736495068361,mixed_irrelevant15,baseline,1.4858401570105294e-05,3.321947064866544e-05,79,final
3000,0.770084071206796,mixed_irrelevant15,baseline,4.7941415889363184e-05,3.691892072749898e-05,110,final
3000,0.2694579267995972,mixed_irrelevant15,baseline,0.00014828676031199543,3.995704300549908e-05,141,final
3000,0.3044406860014085,mixed_irrelevant15,baseline,0.00010124399095018707,3.0822790058395344e-05,172,final
3000,0.0565944064574291,mixed_irrelevant15,baseline,0.00012168175205297671,6.8865065341382724e-06,203,final
3000,58.20752611445428,mixed_irrelevant15,baseline,1.0729655729742755e-06,6.245467160881054e-05,234,final
3000,1.123350886995976,mixed_irrelevant15,baseline,0.00010402372384626316,0.00011685514245132419,265,final
3000,2.4600781330617902,mixed_irrelevant15,baseline,2.387164265404808e-05,5.87261060934888e-05,296,final
3000,0.9128275571594572,rosenbrock20,baseline,0.00576106462433294,0.005258858547667604,17,final
3000,1.0338225356741177,rosenbrock20,baseline,0.004196812620737941,0.004338759465320438,48,final
3000,1.056820843195034,rosenbrock20,baseline,0.004063466901060558,0.004294356516673931,79,final
3000,1.2687140718863856,rosenbrock20,baseline,0.0038832045211038514,0.004926676219937289,110,final
3000,1.0348031273177813,rosenbrock20,baseline,0.004888393826882413,0.005058525219618858,141,final
3000,1.161377192480497,rosenbrock20,baseline,0.004187187313403623,0.004862903846430654,172,final
3000,1.1173384293912716,rosenbrock20,baseline,0.004198377626117429,0.004691008662757503,203,final
3000,0.9844802610417231,rosenbrock20,baseline,0.004079912265340238,0.004016593092009486,234,final
3000,1.4529679654839511,rosenbrock20,baseline,0.003019543730919266,0.0043873003114035854,265,final
3000,0.9168817037984689,rosenbrock20,baseline,0.004306382522335861,0.003948443344287253,296,final
3000,1.0734421291221463,rotated_ellipsoid20,baseline,0.004939265648494419,0.005302015834019728,17,final
3000,1.3041910217989672,rotated_ellipsoid20,baseline,0.005133801177176555,0.006695457402974632,48,final
3000,3.040281682726958,rotated_ellipsoid20,baseline,0.002021745485252894,0.006146675765950299,79,final
3000,1.0996825634588916,rotated_ellipsoid20,baseline,0.003124702673652839,0.0034361810462094065,110,final
3000,0.7651108872887057,rotated_ellipsoid20,baseline,0.00603214744200992,0.004615261681612506,141,final
3000,1.6410113265014312,rotated_ellipsoid20,baseline,0.004362512647384013,0.00715893266636291,172,final
3000,1.2484761746175397,rotated_ellipsoid20,baseline,0.0031334243349076768,0.003912005627099045,203,final
3000,1.6974826464218657,rotated_ellipsoid20,baseline,0.003227091421432174,0.005477931686297987,234,final
3000,1.782297902912037,rotated_ellipsoid20,baseline,0.003387968393922723,0.006038368963620731,265,final
3000,0.69072557450445,rotated_ellipsoid20,baseline,0.008601824380542671,0.005941500087036722,296,final
10000,0.8173324120679701,rosenbrock10,full-history-final,0.0027529111788084414,0.0022500435339843825,17,final
10000,0.9039843516934171,rosenbrock10,full-history-final,0.002539918126092295,0.002296046240569902,48,final
10000,0.9328639292217301,rosenbrock10,full-history-final,0.0023658986628570626,0.0022070615227732767,79,final
10000,1.049920380419141,rosenbrock10,full-history-final,0.0021213641850512405,0.0022272634921765397,110,final
10000,0.992406939476056,rosenbrock10,full-history-final,0.0022940135848915732,0.0022765950008987418,141,final
10000,1.315923553314785,rosenbrock20,full-history-final,0.0036016132600653126,0.004739447718850793,17,final
10000,1.067107738079244,rosenbrock20,full-history-final,0.0035299635318296577,0.0037668513999529656,48,final
10000,1.2620637493292843,rosenbrock20,full-history-final,0.00310429825391876,0.003917822293377061,79,final
10000,1.1861999580498495,rosenbrock20,full-history-final,0.0033599907391740447,0.003985620873856135,110,final
10000,0.8854995039083591,rosenbrock20,full-history-final,0.004866899281378448,0.0043096368992325655,141,final
10000,1.592783387216032,rotated_ellipsoid20,full-history-final,0.0017775669386807967,0.0028312790895952318,17,final
10000,0.8589464848316031,rotated_ellipsoid20,full-history-final,0.002888494862902877,0.0024810625089445692,48,final
10000,1.3831100507473237,rotated_ellipsoid20,full-history-final,0.0018575875268733444,0.002569247978561387,79,final
10000,1.4228823891019757,rotated_ellipsoid20,full-history-final,0.0024149438298818812,0.0034361810462094065,110,final
10000,1.0392158289077351,rotated_ellipsoid20,full-history-final,0.0025709241294482096,0.0026717450502434185,141,final
10000,1.0424940452475597,bbob_f21_d10,full-history-final,0.028942339534349774,0.03017221662009267,17,final
10000,5.499628836573126,bbob_f21_d10,full-history-final,4.554242774318411e-05,0.0002504664489039633,48,final
10000,0.970845375059919,bbob_f21_d10,full-history-final,0.19784928888618303,0.19208106707404463,79,final
10000,3.336305258628995,bbob_f21_d10,full-history-final,3.97925581587726e-05,0.00013276012103941313,110,final
10000,0.9984519407914451,bbob_f21_d10,full-history-final,0.22493716579429474,0.22458894974344062,141,final
3000,1.0396498426725993,rotated_rastrigin20,baseline,0.3366878591490348,0.35003747979406835,17,weighted
3000,1.0,rotated_rastrigin20,baseline,0.3115149987661366,0.3115149987661366,48,weighted
3000,0.9645477335914213,rotated_rastrigin20,baseline,0.35635977193165125,0.34372601035983,79,weighted
3000,1.0399416740772573,rotated_rastrigin20,baseline,0.3304935870751306,0.3436940542147091,110,weighted
3000,1.1519206364074037,rotated_rastrigin20,baseline,0.2950371626669063,0.33985939618309746,141,weighted
3000,1.0,rotated_rastrigin20,baseline,0.3076294421515888,0.3076294421515888,172,weighted
3000,0.9865898939280909,rotated_rastrigin20,baseline,0.3326497046800918,0.32818883685554257,203,weighted
3000,0.9092446170971599,rotated_rastrigin20,baseline,0.33770568966266923,0.307057080488866,234,weighted
3000,0.7255220006375951,rotated_rastrigin20,baseline,0.35311186163439967,0.2561904243018553,265,weighted
3000,0.9428518942378693,rotated_rastrigin20,baseline,0.3227991328155023,0.3043517738334379,296,weighted
3000,0.9701369501298218,ackley20,baseline,0.37445783281783873,0.3632753798821208,17,weighted
3000,0.9630560271146719,ackley20,baseline,0.35601435228484285,0.34286176770724397,48,weighted
3000,0.9188633962320367,ackley20,baseline,0.38672553364104184,0.35534793725105446,79,weighted
3000,1.0214758025856645,ackley20,baseline,0.3321155796237634,0.3392480282473869,110,weighted
3000,0.9591284129032769,ackley20,baseline,0.3704205554702741,0.35528087947495424,141,weighted
3000,1.0,ackley20,baseline,0.31619714149770994,0.31619714149770994,172,weighted
3000,0.972735075019859,ackley20,baseline,0.35815221428226973,0.34838722102839226,203,weighted
3000,1.000206776075265,ackley20,baseline,0.33740251091004486,0.3374722776770354,234,weighted
3000,0.9638573176591656,ackley20,baseline,0.3248002299079288,0.31306107837413655,265,weighted
3000,0.9818003584435471,ackley20,baseline,0.3459999433548769,0.3397028684072651,296,weighted
3000,1.0622476053304277,bbob_f15_d20,baseline,0.10069350976636407,0.10696143962163628,17,weighted
3000,1.0481034346761153,bbob_f15_d20,baseline,0.0953992049029884,0.09998823432419264,48,weighted
3000,1.141809492250942,bbob_f15_d20,baseline,0.0845448494055942,0.09653411157223388,79,weighted
3000,0.7305382466658848,bbob_f15_d20,baseline,0.09473722727253187,0.06920916790566288,110,weighted
3000,1.0690576847668685,bbob_f15_d20,baseline,0.08129173360199517,0.08690555251523399,141,weighted
3000,1.057031011287266,bbob_f15_d20,baseline,0.08297898733370228,0.08771136289693655,172,weighted
3000,1.0,bbob_f15_d20,baseline,0.08782794259065384,0.08782794259065384,203,weighted
3000,1.3687989504919804,bbob_f15_d20,baseline,0.07222037689628424,0.09885517609976914,234,weighted
3000,1.025444767675996,bbob_f15_d20,baseline,0.08809246056304235,0.0903339527560758,265,weighted
3000,0.8382693752136576,bbob_f15_d20,baseline,0.09753226423618123,0.08175831020443701,296,weighted
3000,1.0997373118228444,bbob_f21_d20,baseline,0.09270211488026046,0.10194797461871014,17,weighted
3000,0.9414437012434075,bbob_f21_d20,baseline,0.12329189292567924,0.11607237600925735,48,weighted
3000,1.0020925731101171,bbob_f21_d20,baseline,0.047061533914010405,0.04716001361439973,79,weighted
3000,1.000241231721876,bbob_f21_d20,baseline,0.1142362867121539,0.11426384412829821,110,weighted
3000,0.991930962155692,bbob_f21_d20,baseline,0.27537650642230765,0.2731544829705527,141,weighted
3000,0.9724615816185592,bbob_f21_d20,baseline,0.044358784420100134,0.04313721365584728,172,weighted
3000,1.4169366682346036,bbob_f21_d20,baseline,0.0015948883426174841,0.002259855774394627,203,weighted
3000,0.9888796146528469,bbob_f21_d20,baseline,0.022923728666138784,0.02266880796977774,234,weighted
3000,0.18471557823864823,bbob_f21_d20,baseline,0.0028038756605796872,0.0005179195139532487,265,weighted
3000,1.0389809927117597,bbob_f21_d20,baseline,0.05418554004753566,0.056297746189211406,296,weighted
3000,0.966486665841662,bbob_f24_d20,baseline,0.19723098233666608,0.19062111451924013,17,weighted
3000,0.9931820741272761,bbob_f24_d20,baseline,0.1953082412990706,0.19397664418756147,48,weighted
3000,0.9672802415353411,bbob_f24_d20,baseline,0.22531046283256473,0.2179383589091227,79,weighted
3000,0.9960013517095873,bbob_f24_d20,baseline,0.19083576156169796,0.19007267646997966,110,weighted
3000,0.9645621231361751,bbob_f24_d20,baseline,0.2058529914260234,0.19855799846381797,141,weighted
3000,1.0109749812292907,bbob_f24_d20,baseline,0.21187888046544218,0.21420424720143355,172,weighted
3000,0.978441755690258,bbob_f24_d20,baseline,0.1957296875883463,0.19151009916464726,203,weighted
3000,1.233587696453109,bbob_f24_d20,baseline,0.16403803310336976,0.20235529938668473,234,weighted
3000,1.001558279845939,bbob_f24_d20,baseline,0.21549349261489792,0.21582929178137072,265,weighted
3000,0.9240363317657039,bbob_f24_d20,baseline,0.22259973875076705,0.2056902460472628,296,weighted
3000,0.19465839810046742,mixed_irrelevant15,baseline,1.2603994108414336e-05,2.4534733028116636e-06,17,weighted
3000,0.06171184631635216,mixed_irrelevant15,baseline,9.648097460447355e-05,5.954019077243147e-06,48,weighted
3000,5.5859466156477025,mixed_irrelevant15,baseline,1.4858401570105294e-05,8.299823796446418e-05,79,weighted
3000,0.8213808357847635,mixed_irrelevant15,baseline,4.7941415889363184e-05,3.937816025191007e-05,110,weighted
3000,0.2032321990715356,mixed_irrelevant15,baseline,0.00014828676031199543,3.0136644391400544e-05,141,weighted
3000,0.22326746929838656,mixed_irrelevant15,baseline,0.00010124399095018707,2.260448964111702e-05,172,weighted
3000,0.2506625869593877,mixed_irrelevant15,baseline,0.00012168175205297671,3.0501062755349926e-05,203,weighted
3000,19.63832562341852,mixed_irrelevant15,baseline,1.0729655729742755e-06,2.107124730478665e-05,234,weighted
3000,1.0256629788871725,mixed_irrelevant15,baseline,0.00010402372384626316,0.00010669328247509489,265,weighted
3000,4.671605556136559,mixed_irrelevant15,baseline,2.387164265404808e-05,0.00011151889845675746,296,weighted
3000,0.8145063757763352,rosenbrock20,baseline,0.00576106462433294,0.004692423867778677,17,weighted
3000,0.9810940102507423,rosenbrock20,baseline,0.004196812620737941,0.0041174677243507145,48,weighted
3000,1.0608138671434437,rosenbrock20,baseline,0.004063466901060558,0.0043105820373234354,79,weighted
3000,1.3830522640818554,rosenbrock20,baseline,0.0038832045211038514,0.005370674804805579,110,weighted
3000,1.3596955746681336,rosenbrock20,baseline,0.004888393826882413,0.006646727453647039,141,weighted
3000,1.1398012334399015,rosenbrock20,baseline,0.004187187313403623,0.004772561264461356,172,weighted
3000,1.2540689574725459,rosenbrock20,baseline,0.004198377626117429,0.0052650550526611465,203,weighted
3000,1.229679597575806,rosenbrock20,baseline,0.004079912265340238,0.005016984872588179,234,weighted
3000,1.2405879284561223,rosenbrock20,baseline,0.003019543730919266,0.0037460095020238034,265,weighted
3000,0.9793871970616185,rosenbrock20,baseline,0.004306382522335861,0.004217615908025662,296,weighted
3000,1.0395337263531572,rotated_ellipsoid20,baseline,0.004939265648494419,0.005134533225027547,17,weighted
3000,1.553507918736938,rotated_ellipsoid20,baseline,0.005133801177176555,0.007975400781964792,48,weighted
3000,1.7299459413620855,rotated_ellipsoid20,baseline,0.002021745485252894,0.003497510396680364,79,weighted
3000,1.304571288882442,rotated_ellipsoid20,baseline,0.003124702673652839,0.004076397394341696,110,weighted
3000,0.7962519225354843,rotated_ellipsoid20,baseline,0.00603214744200992,0.004803108997717903,141,weighted
3000,1.2444402036521491,rotated_ellipsoid20,baseline,0.004362512647384013,0.005428886127345638,172,weighted
3000,1.5196533723014727,rotated_ellipsoid20,baseline,0.0031334243349076768,0.00476171885739395,203,weighted
3000,2.3571851046355254,rotated_ellipsoid20,baseline,0.003227091421432174,0.007606851829897006,234,weighted
3000,0.8495226843696095,rotated_ellipsoid20,baseline,0.003387968393922723,0.0028781560045646262,265,weighted
3000,0.8150372359743777,rotated_ellipsoid20,baseline,0.008601824380542671,0.007010807167454513,296,weighted
10000,0.9470454436188631,rosenbrock10,full-history-final,0.0027529111788084414,0.0026071319885779677,17,weighted
10000,1.0139344876304963,rosenbrock10,full-history-final,0.002539918126092295,0.002575310583802801,48,weighted
10000,1.0012455576680572,rosenbrock10,full-history-final,0.0023658986628570626,0.0023688455260784304,79,weighted
10000,0.9148194954444588,rosenbrock10,full-history-final,0.0021213641850512405,0.0019406653134225215,110,weighted
10000,0.9878415353213716,rosenbrock10,full-history-final,0.0022940135848915732,0.0022661219017473754,141,weighted
10000,1.02046336566213,rosenbrock20,full-history-final,0.0036016132600653126,0.003675314389179605,17,weighted
10000,1.1165855220325234,rosenbrock20,full-history-final,0.0035299635318296577,0.003941506172943789,48,weighted
10000,1.328048417024229,rosenbrock20,full-history-final,0.00310429825391876,0.004122658382087887,79,weighted
10000,1.118053805393641,rosenbrock20,full-history-final,0.0033599907391740447,0.003756650432020933,110,weighted
10000,1.0859196324992406,rosenbrock20,full-history-final,0.004866899281378448,0.005285061479045303,141,weighted
10000,1.3442347142298727,rotated_ellipsoid20,full-history-final,0.0017775669386807967,0.0023894671858420502,17,weighted
10000,1.8155467107160153,rotated_ellipsoid20,full-history-final,0.002888494862902877,0.005244197347263425,48,weighted
10000,1.0883590591187624,rotated_ellipsoid20,full-history-final,0.0018575875268733444,0.002021722212978622,79,weighted
10000,0.9966556728223421,rotated_ellipsoid20,full-history-final,0.0024149438298818812,0.00240686746759909,110,weighted
10000,1.107922586423777,rotated_ellipsoid20,full-history-final,0.0025709241294482096,0.0028483849109975576,141,weighted
10000,1.0529742673705889,bbob_f21_d10,full-history-final,0.028942339534349774,0.030475538767172784,17,weighted
10000,3.105216690443933,bbob_f21_d10,full-history-final,4.554242774318411e-05,0.00014141910675147213,48,weighted
10000,0.9804120127257906,bbob_f21_d10,full-history-final,0.19784928888618303,0.1939738195332691,79,weighted
10000,1.4457818122991024,bbob_f21_d10,full-history-final,3.97925581587726e-05,5.753135685080769e-05,110,weighted
10000,0.9949531481798011,bbob_f21_d10,full-history-final,0.22493716579429474,0.22380194124967542,141,weighted
3000,1.028824894625969,rotated_rastrigin20,baseline,0.3366878591490348,0.34639285121084884,17,fresh-weighted
3000,0.8224914760273867,rotated_rastrigin20,baseline,0.3115149987661366,0.25621843113982923,48,fresh-weighted
3000,0.8636294849916593,rotated_rastrigin20,baseline,0.35635977193165125,0.30776280630507713,79,fresh-weighted
3000,1.0376428103357491,rotated_rastrigin20,baseline,0.3304935870751306,0.3429342944905811,110,fresh-weighted
3000,1.2512410843949724,rotated_rastrigin20,baseline,0.2950371626669063,0.3691626193521557,141,fresh-weighted
3000,0.9242449079390521,rotated_rastrigin20,baseline,0.3076294421515888,0.2843249454407371,172,fresh-weighted
3000,1.1048573307761618,rotated_rastrigin20,baseline,0.3326497046800918,0.36753046479632473,203,fresh-weighted
3000,1.2004430923417821,rotated_rastrigin20,baseline,0.33770568966266923,0.4053964624000689,234,fresh-weighted
3000,0.98488630273107,rotated_rastrigin20,baseline,0.35311186163439967,0.34777503585558905,265,fresh-weighted
3000,1.1412112964923684,rotated_rastrigin20,baseline,0.3227991328155023,0.3683820168669916,296,fresh-weighted
3000,0.9250198240663726,ackley20,baseline,0.37445783281783873,0.34638091863343234,17,fresh-weighted
3000,1.0162542067911693,ackley20,baseline,0.35601435228484285,0.36180108318750487,48,fresh-weighted
3000,0.9191986350723271,ackley20,baseline,0.38672553364104184,0.355477582670463,79,fresh-weighted
3000,1.1046384066481854,ackley20,baseline,0.3321155796237634,0.3668676246986326,110,fresh-weighted
3000,0.8668340635981976,ackley20,baseline,0.3704205554702741,0.3210931553385992,141,fresh-weighted
3000,1.0,ackley20,baseline,0.31619714149770994,0.31619714149770994,172,fresh-weighted
3000,0.9507985379946067,ackley20,baseline,0.35815221428226973,0.34053060171911315,203,fresh-weighted
3000,1.0138991048926107,ackley20,baseline,0.33740251091004486,0.3420921038002138,234,fresh-weighted
3000,1.0105745781815763,ackley20,baseline,0.3248002299079288,0.32823485533248414,265,fresh-weighted
3000,0.9768582489591081,ackley20,baseline,0.3459999433548769,0.33799289880559563,296,fresh-weighted
3000,1.0682587238537968,bbob_f15_d20,baseline,0.10069350976636407,0.10756672024337591,17,fresh-weighted
3000,0.9930745514566397,bbob_f15_d20,baseline,0.0953992049029884,0.09473852261835526,48,fresh-weighted
3000,1.109530019039837,bbob_f15_d20,baseline,0.0845448494055942,0.09380504837070908,79,fresh-weighted
3000,1.002465507750697,bbob_f15_d20,baseline,0.09473722727253187,0.09497080264065183,110,fresh-weighted
3000,1.2088456277902273,bbob_f15_d20,baseline,0.08129173360199517,0.09826915674025977,141,fresh-weighted
3000,1.0729113907140748,bbob_f15_d20,baseline,0.08297898733370228,0.08902910070024811,172,fresh-weighted
3000,0.8558564220728058,bbob_f15_d20,baseline,0.08782794259065384,0.07516810870365279,203,fresh-weighted
3000,1.3891811415540831,bbob_f15_d20,baseline,0.07222037689628424,0.10032718562024628,234,fresh-weighted
3000,1.0455094131066915,bbob_f15_d20,baseline,0.08809246056304235,0.09210149674239078,265,fresh-weighted
3000,1.0374648287524255,bbob_f15_d20,baseline,0.09753226423618123,0.10118629381362608,296,fresh-weighted
3000,1.0712905718179506,bbob_f21_d20,baseline,0.09270211488026046,0.09931090165880758,17,fresh-weighted
3000,0.9745600397323299,bbob_f21_d20,baseline,0.12329189292567924,0.12015535206832412,48,fresh-weighted
3000,1.0673688267024621,bbob_f21_d20,baseline,0.047061533914010405,0.05023201423661542,79,fresh-weighted
3000,1.022743619224608,bbob_f21_d20,baseline,0.1142362867121539,0.11683443331876828,110,fresh-weighted
3000,0.9922776299821918,bbob_f21_d20,baseline,0.27537650642230765,0.27324994714550327,141,fresh-weighted
3000,1.0149146542609802,bbob_f21_d20,baseline,0.044358784420100134,0.04502038035316328,172,fresh-weighted
3000,0.9184313643778622,bbob_f21_d20,baseline,0.0015948883426174841,0.0014647954765405233,203,fresh-weighted
3000,0.9698953548369257,bbob_f21_d20,baseline,0.022923728666138784,0.02223361794883008,234,fresh-weighted
3000,1.1551280738188578,bbob_f21_d20,baseline,0.0028038756605796872,0.003238835491032992,265,fresh-weighted
3000,1.041623744350872,bbob_f21_d20,baseline,0.05418554004753566,0.05644094511398822,296,fresh-weighted
3000,0.8646897668194645,bbob_f24_d20,baseline,0.19723098233666608,0.17054361212626573,17,fresh-weighted
3000,1.0377372504546725,bbob_f24_d20,baseline,0.1953082412990706,0.20267863731683522,48,fresh-weighted
3000,0.916499388369113,bbob_f24_d20,baseline,0.22531046283256473,0.20649690137920734,79,fresh-weighted
3000,1.0,bbob_f24_d20,baseline,0.19083576156169796,0.19083576156169796,110,fresh-weighted
3000,0.9150105123189376,bbob_f24_d20,baseline,0.2058529914260234,0.18835765114711153,141,fresh-weighted
3000,0.8495903585565721,bbob_f24_d20,baseline,0.21187888046544218,0.1800102540252001,172,fresh-weighted
3000,0.9721947705247104,bbob_f24_d20,baseline,0.1957296875883463,0.1902873787098256,203,fresh-weighted
3000,1.0584387772562427,bbob_f24_d20,baseline,0.16403803310336976,0.17362421518144974,234,fresh-weighted
3000,0.9751783532121822,bbob_f24_d20,baseline,0.21549349261489792,0.2101445892561377,265,fresh-weighted
3000,0.982138709184214,bbob_f24_d20,baseline,0.22259973875076705,0.21862382008142162,296,fresh-weighted
3000,8.466685813261986,mixed_irrelevant15,baseline,1.2603994108414336e-05,0.00010671405810814931,17,fresh-weighted
3000,0.12648403568059047,mixed_irrelevant15,baseline,9.648097460447355e-05,1.2203303034370376e-05,48,fresh-weighted
3000,2.556564122908751,mixed_irrelevant15,baseline,1.4858401570105294e-05,3.798645637790225e-05,79,fresh-weighted
3000,0.17782538231909872,mixed_irrelevant15,baseline,4.7941415889363184e-05,8.525200609444923e-06,110,fresh-weighted
3000,0.6511500235987284,mixed_irrelevant15,baseline,0.00014828676031199543,9.655692747653481e-05,141,fresh-weighted
3000,0.37799265312193386,mixed_irrelevant15,baseline,0.00010124399095018707,3.826948475191427e-05,172,fresh-weighted
3000,0.30054346649541985,mixed_irrelevant15,baseline,0.00012168175205297671,3.6570655571237795e-05,203,fresh-weighted
3000,5.6558187443226995,mixed_irrelevant15,baseline,1.0729655729742755e-06,6.068498799640852e-06,234,fresh-weighted
3000,0.31786709981321865,mixed_irrelevant15,baseline,0.00010402372384626316,3.306571941078283e-05,265,fresh-weighted
3000,4.671605556136559,mixed_irrelevant15,baseline,2.387164265404808e-05,0.00011151889845675746,296,fresh-weighted
3000,0.8569146695006647,rosenbrock20,baseline,0.00576106462433294,0.004936740788532233,17,fresh-weighted
3000,0.8817957830884479,rosenbrock20,baseline,0.004196812620737941,0.0037007316713790943,48,fresh-weighted
3000,1.137189516218988,rosenbrock20,baseline,0.004063466901060558,0.004620931959388926,79,fresh-weighted
3000,1.2574815046401187,rosenbrock20,baseline,0.0038832045211038514,0.004883057864022982,110,fresh-weighted
3000,1.1041642836204868,rosenbrock20,baseline,0.004888393826882413,0.005397589867914429,141,fresh-weighted
3000,1.0856880800648434,rosenbrock20,baseline,0.004187187313403623,0.004545979355161049,172,fresh-weighted
3000,1.2077785132995542,rosenbrock20,baseline,0.004198377626117429,0.00507071028754222,203,fresh-weighted
3000,1.1830902761145714,rosenbrock20,baseline,0.004079912265340238,0.004826904528524609,234,fresh-weighted
3000,1.533412875714383,rosenbrock20,baseline,0.003019543730919266,0.004630207235774249,265,fresh-weighted
3000,1.0566276819010036,rosenbrock20,baseline,0.004306382522335861,0.004550242981954738,296,fresh-weighted
3000,0.6401806567093425,rotated_ellipsoid20,baseline,0.004939265648494419,0.0031620223265150537,17,fresh-weighted
3000,1.5752587869284498,rotated_ellipsoid20,baseline,0.005133801177176555,0.008087065414690987,48,fresh-weighted
3000,2.1901073369935853,rotated_ellipsoid20,baseline,0.002021745485252894,0.004427839620786019,79,fresh-weighted
3000,0.904640992935439,rotated_ellipsoid20,baseline,0.003124702673652839,0.002826734129321325,110,fresh-weighted
3000,0.676458105231838,rotated_ellipsoid20,baseline,0.00603214744200992,0.004080495029101109,141,fresh-weighted
3000,1.1006240881902345,rotated_ellipsoid20,baseline,0.004362512647384013,0.004801486504745395,172,fresh-weighted
3000,1.7848575266759574,rotated_ellipsoid20,baseline,0.0031334243349076768,0.005592716008429573,203,fresh-weighted
3000,1.265304004772029,rotated_ellipsoid20,baseline,0.003227091421432174,0.004083251699303589,234,fresh-weighted
3000,1.6366210243690587,rotated_ellipsoid20,baseline,0.003387968393922723,0.005544820303391801,265,fresh-weighted
3000,1.0915988861952277,rotated_ellipsoid20,baseline,0.008601824380542671,0.009389741913047334,296,fresh-weighted
10000,0.9957931914683414,rosenbrock10,full-history-fresh,0.0025319133818837323,0.0025212621070674034,17,fresh-weighted
10000,0.8713135080689312,rosenbrock10,full-history-fresh,0.002567427223016096,0.002237034020397829,48,fresh-weighted
10000,0.9486451795120537,rosenbrock10,full-history-fresh,0.0022586162667484,0.0021426254338183805,79,fresh-weighted
10000,1.2037328652109136,rosenbrock10,full-history-fresh,0.0020058028378153823,0.0024144507970116917,110,fresh-weighted
10000,1.160538087224201,rosenbrock10,full-history-fresh,0.0020218362915875423,0.0023464180225194783,141,fresh-weighted
10000,1.1150608347907762,rosenbrock20,full-history-fresh,0.003461035370783719,0.003859264989786498,17,fresh-weighted
10000,0.9569873681265108,rosenbrock20,full-history-fresh,0.003867064283851518,0.0037007316713790943,48,fresh-weighted
10000,0.8292252718102817,rosenbrock20,full-history-fresh,0.003705103881723369,0.0030723657734073907,79,fresh-weighted
10000,1.1934789200977307,rosenbrock20,full-history-fresh,0.003496574411858987,0.004173087853106822,110,fresh-weighted
10000,0.9608442675809754,rosenbrock20,full-history-fresh,0.004721532000533431,0.004536656956912682,141,fresh-weighted
10000,1.2793927676834742,rotated_ellipsoid20,full-history-fresh,0.0022568255882642416,0.002887366335548273,17,fresh-weighted
10000,1.2381245618216952,rotated_ellipsoid20,full-history-fresh,0.003335969751605835,0.004130346086957404,48,fresh-weighted
10000,0.8294986480796301,rotated_ellipsoid20,full-history-fresh,0.0026559209364514285,0.0022030828261928453,79,fresh-weighted
10000,1.0200516748081558,rotated_ellipsoid20,full-history-fresh,0.0027711675782042685,0.002826734129321325,110,fresh-weighted
10000,0.8600120640538421,rotated_ellipsoid20,full-history-fresh,0.002015977819395037,0.0017337652455446896,141,fresh-weighted
10000,1.0765723593215233,bbob_f21_d10,full-history-fresh,0.028332953992839915,0.03050247512661984,17,fresh-weighted
10000,0.311033010832076,bbob_f21_d10,full-history-fresh,0.0001559172003370285,4.8495396261333956e-05,48,fresh-weighted
10000,0.9908347430103576,bbob_f21_d10,full-history-fresh,0.19481211875603596,0.19302661562294016,79,fresh-weighted
10000,2.385010848048869,bbob_f21_d10,full-history-fresh,4.5473460601723154e-05,0.00010845469683343258,110,fresh-weighted
10000,1.0019940336167859,bbob_f21_d10,full-history-fresh,0.2245967704816147,0.22504462399217656,141,fresh-weighted
