budget,paired_ratio,problem,reference,reference_regret,seed,switch_regret
3000,0.938367744534981,rotated_rastrigin20,baseline,0.3366878591490348,17,0.31593702700199117
3000,1.0,rotated_rastrigin20,baseline,0.3115149987661366,48,0.3115149987661366
3000,0.8636294849916593,rotated_rastrigin20,baseline,0.35635977193165125,79,0.30776280630507713
3000,1.0325007767545817,rotated_rastrigin20,baseline,0.3304935870751306,110,0.34123488536748037
3000,1.0474221715947696,rotated_rastrigin20,baseline,0.2950371626669063,141,0.3090284656217303
3000,0.963937632700557,rotated_rastrigin20,baseline,0.3076294421515888,172,0.2965355962165954
3000,1.030450526668113,rotated_rastrigin20,baseline,0.3326497046800918,203,0.3427790633835928
3000,0.871101292129763,rotated_rastrigin20,baseline,0.33770568966266923,234,0.2941758626247239
3000,0.9054390064206511,rotated_rastrigin20,baseline,0.35311186163439967,265,0.3197212531535973
3000,1.131634580841963,rotated_rastrigin20,baseline,0.3227991328155023,296,0.3652906613598201
3000,0.9534130853982608,ackley20,baseline,0.37445783281783873,17,0.3570129977384017
3000,0.9388776376977069,ackley20,baseline,0.35601435228484285,48,0.3342539140596725
3000,0.9434217625923008,ackley20,baseline,0.38672553364104184,79,0.3648452845870798
3000,1.0700710655184564,ackley20,baseline,0.3321155796237634,110,0.3553872721632803
3000,1.0056062082983694,ackley20,baseline,0.3704205554702741,141,0.37249721026223814
3000,1.0,ackley20,baseline,0.31619714149770994,172,0.31619714149770994
3000,0.9477585264057973,ackley20,baseline,0.35815221428226973,203,0.3394418148371373
3000,1.0295367324329487,ackley20,baseline,0.33740251091004486,234,0.3473682785969999
3000,1.0858216234451052,ackley20,baseline,0.3248002299079288,265,0.3526751129339707
3000,1.112609376746085,ackley20,baseline,0.3459999433548769,296,0.38496278133025025
3000,0.9409624251132382,bbob_f15_d20,baseline,0.10069350976636407,17,0.09474880914292147
3000,0.8736284808318523,bbob_f15_d20,baseline,0.0953992049029884,48,0.08334346245196435
3000,1.108953294757042,bbob_f15_d20,baseline,0.0845448494055942,79,0.09375628930307163
3000,0.940138990358175,bbob_f15_d20,baseline,0.09473722727253187,110,0.08906616119733107
3000,1.1649642997187781,bbob_f15_d20,baseline,0.08129173360199517,141,0.09470196750857376
3000,0.9369256628119835,bbob_f15_d20,baseline,0.08297898733370228,172,0.07774514270709619
3000,1.0,bbob_f15_d20,baseline,0.08782794259065384,203,0.08782794259065384
3000,1.275605349074646,bbob_f15_d20,baseline,0.07222037689628424,234,0.09212469908108716
3000,0.9548823897840156,bbob_f15_d20,baseline,0.08809246056304235,265,0.08411793926439202
3000,1.0067034224148177,bbob_f15_d20,baseline,0.09753226423618123,296,0.09818606420242997
3000,0.9879108054780573,bbob_f21_d20,baseline,0.09270211488026046,17,0.09158142098087751
3000,0.983291197381839,bbob_f21_d20,baseline,0.12329189292567924,48,0.12123183302236462
3000,0.9144713643732075,bbob_f21_d20,baseline,0.047061533914010405,79,0.043036425127841074
3000,1.00943269414226,bbob_f21_d20,baseline,0.1142362867121539,110,0.11531384266465718
3000,0.9627172461913712,bbob_f21_d20,baseline,0.27537650642230765,141,0.2651097119286845
3000,0.9686523659137766,bbob_f21_d20,baseline,0.044358784420100134,172,0.04296824147758917
3000,2.1589807892426305,bbob_f21_d20,baseline,0.0015948883426174841,203,0.0034433332926981667
3000,0.9739462827555698,bbob_f21_d20,baseline,0.022923728666138784,234,0.022326480321283166
3000,1.6733890366353452,bbob_f21_d20,baseline,0.0028038756605796872,265,0.004691974790502735
3000,1.0684120673185977,bbob_f21_d20,baseline,0.05418554004753566,296,0.05789248486096225
3000,0.895450068619628,bbob_f24_d20,baseline,0.19723098233666608,17,0.17661049666728426
3000,1.0584165642131007,bbob_f24_d20,baseline,0.1953082412990706,48,0.2067174777182655
3000,0.9344024739184591,bbob_f24_d20,baseline,0.22531046283256473,79,0.21053065387046152
3000,1.0,bbob_f24_d20,baseline,0.19083576156169796,110,0.19083576156169796
3000,1.0,bbob_f24_d20,baseline,0.2058529914260234,141,0.2058529914260234
3000,0.8732549352508032,bbob_f24_d20,baseline,0.21187888046544218,172,0.1850242780418624
3000,0.9544530051211659,bbob_f24_d20,baseline,0.1957296875883463,203,0.1868147885101241
3000,1.2215597862642902,bbob_f24_d20,baseline,0.16403803310336976,234,0.20038226465696693
3000,0.9436002740678735,bbob_f24_d20,baseline,0.21549349261489792,265,0.20333971869126094
3000,0.9070011635758637,bbob_f24_d20,baseline,0.22259973875076705,296,0.20189822205862898
3000,9.745241819642262,mixed_irrelevant15,baseline,1.2603994108414336e-05,17,0.00012282897047984407
3000,0.4487234689532037,mixed_irrelevant15,baseline,9.648097460447355e-05,48,4.3293277612505324e-05
3000,5.5859466156477025,mixed_irrelevant15,baseline,1.4858401570105294e-05,79,8.299823796446418e-05
3000,0.009536382054116594,mixed_irrelevant15,baseline,4.7941415889363184e-05,110,4.571876581362632e-07
3000,1.0316061473215021,mixed_irrelevant15,baseline,0.00014828676031199543,141,0.00015297353350424462
3000,0.4482717476132135,mixed_irrelevant15,baseline,0.00010124399095018707,172,4.538482075857673e-05
3000,0.3973404492913666,mixed_irrelevant15,baseline,0.00012168175205297671,203,4.834908203129043e-05
3000,58.20752611445428,mixed_irrelevant15,baseline,1.0729655729742755e-06,234,6.245467160881054e-05
3000,1.058136768886073,mixed_irrelevant15,baseline,0.00010402372384626316,265,0.00011007132703818205
3000,3.8184144152205888,mixed_irrelevant15,baseline,2.387164265404808e-05,296,9.115182442521186e-05
3000,0.8386524350649547,rosenbrock20,baseline,0.00576106462433294,17,0.004831530875763389
3000,0.9454082113813538,rosenbrock20,baseline,0.004196812620737941,48,0.003967701113274549
3000,1.1218112581088837,rosenbrock20,baseline,0.004063466901060558,79,0.004558442916562551
3000,1.2438464368159778,rosenbrock20,baseline,0.0038832045211038514,110,0.004830110107002721
3000,1.1523490822106233,rosenbrock20,baseline,0.004888393826882413,141,0.005633136139892025
3000,0.8919254749805785,rosenbrock20,baseline,0.004187187313403623,172,0.0037346590333401787
3000,1.082734234479105,rosenbrock20,baseline,0.004198377626117429,203,0.004545727185068457
3000,1.2083644458209175,rosenbrock20,baseline,0.004079912265340238,234,0.0049300209235058215
3000,1.4954602979196578,rosenbrock20,baseline,0.003019543730919266,265,0.004515607767421961
3000,0.9694193136429547,rosenbrock20,baseline,0.004306382522335861,296,0.004174690389086847
3000,1.351453428814838,rotated_ellipsoid20,baseline,0.004939265648494419,17,0.006675187496485127
3000,1.2715504336766068,rotated_ellipsoid20,baseline,0.005133801177176555,48,0.0065278871132483235
3000,3.9939916076226183,rotated_ellipsoid20,baseline,0.002021745485252894,79,0.008074834500848976
3000,1.1343514975171294,rotated_ellipsoid20,baseline,0.003124702673652839,110,0.0035445111571538756
3000,0.8989254112558245,rotated_ellipsoid20,baseline,0.00603214744200992,141,0.005422450620064537
3000,0.45006619548801674,rotated_ellipsoid20,baseline,0.004362512647384013,172,0.001963419469976479
3000,1.050673905295593,rotated_ellipsoid20,baseline,0.0031334243349076768,203,0.0032922071829056946
3000,1.3111579412572438,rotated_ellipsoid20,baseline,0.003227091421432174,234,0.004231226544373922
3000,0.7025191444946149,rotated_ellipsoid20,baseline,0.003387968393922723,265,0.002380112657673386
3000,1.2359932383916499,rotated_ellipsoid20,baseline,0.008601824380542671,296,0.010631796772183184
10000,0.9412684491923514,rosenbrock10,full-final1000,0.0025319133818837323,17,0.0023832101824550625
10000,0.9173549107690873,rosenbrock10,full-final1000,0.002567427223016096,48,0.0023552419710760565
10000,0.8851174744705748,rosenbrock10,full-final1000,0.0022586162667484,79,0.001999140725822502
10000,1.1676014948898785,rosenbrock10,full-final1000,0.0020058028378153823,110,0.002341978391887601
10000,1.2485739653854728,rosenbrock10,full-final1000,0.0020218362915875423,141,0.0025244121559477167
10000,1.1683079505919831,rosenbrock20,full-final1000,0.003461035370783719,17,0.004043555140966691
10000,1.0260240901200635,rosenbrock20,full-final1000,0.003867064283851518,48,0.003967701113274549
10000,1.0266990163259655,rosenbrock20,full-final1000,0.003705103881723369,79,0.0038040265107508993
10000,1.0632449392505623,rosenbrock20,full-final1000,0.003496574411858987,110,0.003717715048122079
10000,1.0816052000647172,rosenbrock20,full-final1000,0.004721532000533431,141,0.0051068335640489255
10000,1.0933480725837044,rotated_ellipsoid20,full-final1000,0.0022568255882642416,17,0.0024674959070862933
10000,1.5119205579265567,rotated_ellipsoid20,full-final1000,0.003335969751605835,48,0.005043721248074011
10000,0.6482534330201194,rotated_ellipsoid20,full-final1000,0.0026559209364514285,79,0.001721709864884649
10000,0.9842811656853542,rotated_ellipsoid20,full-final1000,0.0027711675782042685,110,0.0027276080541843574
10000,1.1412764847505823,rotated_ellipsoid20,full-final1000,0.002015977819395037,141,0.002300788079054312
10000,1.0914966369043166,bbob_f21_d10,full-final1000,0.028332953992839915,17,0.030925323996749497
10000,0.2850867289725353,bbob_f21_d10,full-final1000,0.0001559172003370285,48,4.444992463463893e-05
10000,0.990803964282113,bbob_f21_d10,full-final1000,0.19481211875603596,79,0.19302061955367822
10000,1.026749804249008,bbob_f21_d10,full-final1000,4.5473460601723154e-05,110,4.6689866771344226e-05
10000,1.014862340236723,bbob_f21_d10,full-final1000,0.2245967704816147,141,0.22793480410058162
