ask_us,dims,history,mode,peak_rss_kib,populate_s,retained_observations,tell_us
74.95117578,8,1000,batch8_updates,5300,0.002121959,537,6.833589844
74.04109375,8,10000,batch8_updates,5372,0.07062456,537,6.768328125
70.68789453,8,100000,batch8_updates,5504,0.751844966,537,6.714757813
69.81229687,8,1000000,batch8_updates,5376,7.609016993,537,6.785582031
150.0078164,16,1000,batch8_updates,6560,0.004115208,537,7.234566406
151.2738789,16,10000,batch8_updates,6488,0.087453637,537,7.282519531
142.5916289,16,100000,batch8_updates,6656,0.921296147,537,7.16590625
143.237332,16,1000000,batch8_updates,6568,9.244052775,537,7.247859375
308.5220586,32,1000,batch8_updates,9216,0.008884261,537,8.344820312
323.7953594,32,10000,batch8_updates,8988,0.13194748,537,8.801863281
314.2928828,32,100000,batch8_updates,9128,1.360528196,537,9.134390625
301.1733945,32,1000000,batch8_updates,9192,13.6161149,537,8.981828125
697.7430586,64,1000,batch8_updates,13988,0.022231205,537,10.53598828
724.7249531,64,10000,batch8_updates,14208,0.258139069,537,13.05086719
687.9243906,64,100000,batch8_updates,13912,2.585742989,537,13.38571484
669.3299883,64,1000000,batch8_updates,14208,25.74032081,537,12.83272266
