ask_us,dims,history,mode,peak_rss_kib,phase,populate_s,retained_observations,tell_us
6687.28075,4,1000,,4264,before,0.00084117,,
67294.32075,4,10000,,10500,before,0.008734965,,
693962.2247,4,100000,,70760,before,0.087573264,,
7164921.299,4,1000000,,659880,before,0.863358426,,
13350.358,8,1000,,5048,before,0.00183146,,
134385.1869,8,10000,,15804,before,0.016730639,,
1390415.994,8,100000,,124088,before,0.169769594,,
14243296.07,8,1000000,,1191272,before,1.646063091,,
20979.19713,12,1000,,5560,before,0.002503973,,
202615.0026,12,10000,,21028,before,0.025859336,,
2113360.518,12,100000,,177032,before,0.24925848,,
22646467.84,12,1000000,,1722488,before,2.456144253,,
26999.37688,16,1000,,5928,before,0.00342839,,
280270.9361,16,10000,,26480,before,0.033476159,,
2870964.657,16,100000,,230204,before,0.339538565,,
29058136,16,1000000,,2253884,before,3.334647403,,
33954.4705,20,1000,,6600,before,0.004376537,,
342105.7246,20,10000,,31684,before,0.042958318,,
3631701.181,20,100000,,283136,before,0.431070478,,
36664225.02,20,1000000,,2784980,before,4.241283791,,
54727.1715,32,1000,,8104,before,0.007754613,,
555395.6166,32,10000,,47720,before,0.076126126,,
6005051.817,32,100000,,442720,before,0.755302279,,
111826.9656,64,1000,,12368,before,0.019335118,,
1141205.887,64,10000,,90120,before,0.193830678,,
12740957.17,64,100000,,867780,before,1.91576025,,
60482183.89,32,1000000,,4378864,before,7.477113073,,
130175078,64,1000000,,8628684,before,18.9215491,,
17.36859766,4,1000,batch8_updates,4328,after,0.001188239,89,6.30096875
16.83808594,4,10000,batch8_updates,4324,after,0.061791698,89,6.258234375
16.04582422,4,100000,batch8_updates,4204,after,0.663359157,89,6.108410156
16.10688281,4,1000000,batch8_updates,4348,after,6.704967657,89,6.135285156
30.40764453,8,1000,batch8_updates,4860,after,0.002120984,89,6.547695313
30.44129687,8,10000,batch8_updates,4764,after,0.070036534,89,6.473984375
29.26120703,8,100000,batch8_updates,4900,after,0.747804302,89,6.534132813
29.22847656,8,1000000,batch8_updates,4860,after,7.503800605,89,6.326097656
44.68338281,12,1000,batch8_updates,5172,after,0.003178634,89,6.720101562
45.47145312,12,10000,batch8_updates,5092,after,0.078691015,89,6.657164063
42.49890625,12,100000,batch8_updates,5236,after,0.835556891,89,6.718660156
42.44101172,12,1000000,batch8_updates,5244,after,8.394712737,89,6.821851563
58.93778906,16,1000,batch8_updates,5480,after,0.004234918,89,7.119152344
59.76292578,16,10000,batch8_updates,5628,after,0.087402301,89,6.874476562
56.96440625,16,100000,batch8_updates,5304,after,0.917818597,89,6.827574219
56.70678906,16,1000000,batch8_updates,5468,after,9.194800953,89,6.84425
73.93528516,20,1000,batch8_updates,5988,after,0.005426094,89,7.235210937
74.35151953,20,10000,batch8_updates,6000,after,0.096943736,89,7.291457031
70.6884375,20,100000,batch8_updates,6112,after,1.01198089,89,7.158835937
71.16734766,20,1000000,batch8_updates,5988,after,10.19632082,89,7.200652344
122.1437617,32,1000,batch8_updates,7420,after,0.009338867,89,7.632507813
123.4192734,32,10000,batch8_updates,7264,after,0.13132918,89,7.886582031
117.5289023,32,100000,batch8_updates,7416,after,1.339954924,89,7.689957031
117.1343867,32,1000000,batch8_updates,7192,after,13.42347996,89,7.698757812
256.4641094,64,1000,batch8_updates,10748,after,0.02323727,89,9.317289062
257.2297578,64,10000,batch8_updates,10876,after,0.254796772,89,9.6655
246.6999727,64,100000,batch8_updates,11004,after,2.60073038,89,9.750214844
244.5501602,64,1000000,batch8_updates,10876,after,25.86408977,89,9.507585937
