implementation,problem,seed,trials,startup_trials,best_value,optimum,best_regret,sampler_ns,objective_ns,validation_ns,wall_ns,unique_candidates,duplicate_candidates,exact_optimum_hits,best_hamming,best_l1
pineforge_native,branin2,17,128,10,0.442941285059975,0.39788735772973816,0.04505392733023683,14378542,19915,15121,14429667,-1,-1,0,-1,-1
optuna_4.9.0,branin2,17,128,10,0.44968818008805833,0.39788735772973816,0.051800822358320175,90249754,119003,0,90422125,-1,-1,0,-1,-1
pineforge_native,branin2,41,128,10,0.4325459153812794,0.39788735772973816,0.034658557651541244,14541931,19716,14835,14592292,-1,-1,0,-1,-1
optuna_4.9.0,branin2,41,128,10,0.40802713426190884,0.39788735772973816,0.010139776532170686,88221513,124496,0,88398333,-1,-1,0,-1,-1
pineforge_native,branin2,73,128,10,0.3981462914310345,0.39788735772973816,0.00025893370129637105,15248661,22078,16623,15306791,-1,-1,0,-1,-1
optuna_4.9.0,branin2,73,128,10,0.46355664634948823,0.39788735772973816,0.06566928861975008,88915655,134160,0,89106167,-1,-1,0,-1,-1
pineforge_native,branin2,109,128,10,0.4033491009729193,0.39788735772973816,0.005461743243181161,14051197,34246,16124,14119042,-1,-1,0,-1,-1
optuna_4.9.0,branin2,109,128,10,0.40114735827657455,0.39788735772973816,0.0032600005468363946,90740254,136585,0,90935917,-1,-1,0,-1,-1
pineforge_native,branin2,149,128,10,0.4090161930666625,0.39788735772973816,0.011128835336924325,14422878,20622,15418,14477208,-1,-1,0,-1,-1
optuna_4.9.0,branin2,149,128,10,0.4515022495881418,0.39788735772973816,0.053614891858403624,90041257,296456,0,90390791,-1,-1,0,-1,-1
pineforge_native,hartmann3,17,192,10,-3.8504839969978635,-3.8627797869493365,0.012295789951473068,42469203,41498,29286,42564917,-1,-1,0,-1,-1
optuna_4.9.0,hartmann3,17,192,10,-3.8505462480125328,-3.8627797869493365,0.01223353893680379,228204822,1031502,0,229334500,-1,-1,0,-1,-1
pineforge_native,hartmann3,41,192,10,-3.856908008415517,-3.8627797869493365,0.005871778533819594,42926787,41204,29583,43022292,-1,-1,0,-1,-1
optuna_4.9.0,hartmann3,41,192,10,-3.859931225704323,-3.8627797869493365,0.0028485612450137587,218943872,949629,0,219983583,-1,-1,0,-1,-1
pineforge_native,hartmann3,73,192,10,-3.859537048961148,-3.8627797869493365,0.0032427379881885265,44491839,37960,26413,44582708,-1,-1,0,-1,-1
optuna_4.9.0,hartmann3,73,192,10,-3.849483953243505,-3.8627797869493365,0.013295833705831761,219066754,1028835,0,220183750,-1,-1,0,-1,-1
pineforge_native,hartmann3,109,192,10,-3.861873920844516,-3.8627797869493365,0.0009058661048206851,43937965,39541,31252,44037167,-1,-1,0,-1,-1
optuna_4.9.0,hartmann3,109,192,10,-3.8607460991909153,-3.8627797869493365,0.0020336877584212765,218965544,992334,0,220047208,-1,-1,0,-1,-1
pineforge_native,hartmann3,149,192,10,-3.859878522346113,-3.8627797869493365,0.0029012646032233746,44147036,42324,26169,44240167,-1,-1,0,-1,-1
optuna_4.9.0,hartmann3,149,192,10,-3.8547289856463216,-3.8627797869493365,0.008050801303014943,227044797,1039995,0,228180208,-1,-1,0,-1,-1
pineforge_native,rosenbrock6,17,512,10,4.685799269800695,0,4.685799269800695,488716971,308244,185334,489323959,-1,-1,0,-1,-1
optuna_4.9.0,rosenbrock6,17,512,10,4.964368260083332,0.0,4.964368260083332,1815789866,2110271,0,1818294250,-1,-1,0,-1,-1
pineforge_native,rosenbrock6,41,512,10,6.674519571118884,0,6.674519571118884,485323971,313668,157284,485934833,-1,-1,0,-1,-1
optuna_4.9.0,rosenbrock6,41,512,10,5.828790829165504,0.0,5.828790829165504,1814066911,2094876,0,1816562500,-1,-1,0,-1,-1
pineforge_native,rosenbrock6,73,512,10,5.259885327261387,0,5.259885327261387,475614696,270080,181969,476182458,-1,-1,0,-1,-1
optuna_4.9.0,rosenbrock6,73,512,10,6.0861132203897705,0.0,6.0861132203897705,1821155987,2105388,0,1823657417,-1,-1,0,-1,-1
pineforge_native,rosenbrock6,109,512,10,4.6909099517590835,0,4.6909099517590835,471122936,247498,159999,471642500,-1,-1,0,-1,-1
optuna_4.9.0,rosenbrock6,109,512,10,5.918463304989405,0.0,5.918463304989405,1777648507,1899669,0,1779878917,-1,-1,0,-1,-1
pineforge_native,rosenbrock6,149,512,10,3.1130132800513,0,3.1130132800513,500532380,255045,150334,501049292,-1,-1,0,-1,-1
optuna_4.9.0,rosenbrock6,149,512,10,3.436378901805111,0.0,3.436378901805111,1766120374,1897795,0,1768354042,-1,-1,0,-1,-1
pineforge_native,rotated_rastrigin6,17,640,10,20.4359061893392,0,20.4359061893392,809337171,355307,209052,810031666,-1,-1,0,-1,-1
optuna_4.9.0,rotated_rastrigin6,17,640,10,17.13026874136139,0.0,17.13026874136139,2500991000,2913136,0,2504314125,-1,-1,0,-1,-1
pineforge_native,rotated_rastrigin6,41,640,10,18.658337478738435,0,18.658337478738435,787839606,358848,211883,788547208,-1,-1,0,-1,-1
optuna_4.9.0,rotated_rastrigin6,41,640,10,13.030378235146259,0.0,13.030378235146259,2532266822,3119052,0,2535867500,-1,-1,0,-1,-1
pineforge_native,rotated_rastrigin6,73,640,10,22.965857224321915,0,22.965857224321915,768603285,378490,197259,769320458,-1,-1,0,-1,-1
optuna_4.9.0,rotated_rastrigin6,73,640,10,27.599366747929835,0.0,27.599366747929835,2503835204,2921658,0,2507165334,-1,-1,0,-1,-1
pineforge_native,rotated_rastrigin6,109,640,10,22.470961702151744,0,22.470961702151744,771247160,385529,208041,771972416,-1,-1,0,-1,-1
optuna_4.9.0,rotated_rastrigin6,109,640,10,15.543129527461382,0.0,15.543129527461382,2536929145,3138906,0,2540528750,-1,-1,0,-1,-1
pineforge_native,rotated_rastrigin6,149,640,10,13.560601248492715,0,13.560601248492715,778908712,474998,228580,779765709,-1,-1,0,-1,-1
optuna_4.9.0,rotated_rastrigin6,149,640,10,22.7612373148946,0.0,22.7612373148946,2473130959,3035042,0,2476619375,-1,-1,0,-1,-1
pineforge_native,mixed_log,17,384,10,0.3950369021749599,0,0.3950369021749599,428608486,201789,122798,429014041,-1,-1,0,-1,-1
optuna_4.9.0,mixed_log,17,384,10,1.1638044003893961,0.0,1.1638044003893961,2290489301,985030,0,2291825000,-1,-1,0,-1,-1
pineforge_native,mixed_log,41,384,10,0.35618995462799535,0,0.35618995462799535,417789722,201339,116985,418193208,-1,-1,0,-1,-1
optuna_4.9.0,mixed_log,41,384,10,0.6045869398271312,0.0,0.6045869398271312,2154795004,889551,0,2156007917,-1,-1,0,-1,-1
pineforge_native,mixed_log,73,384,10,0.002108826210152589,0,0.002108826210152589,428995759,251451,133754,429472458,-1,-1,0,-1,-1
optuna_4.9.0,mixed_log,73,384,10,2.064649375174214,0.0,2.064649375174214,2229613367,980715,0,2230979416,-1,-1,0,-1,-1
pineforge_native,mixed_log,109,384,10,0.013408035737501038,0,0.013408035737501038,435127196,229081,146252,435596459,-1,-1,0,-1,-1
optuna_4.9.0,mixed_log,109,384,10,0.10364922314633089,0.0,0.10364922314633089,2650953457,1002414,0,2652328791,-1,-1,0,-1,-1
pineforge_native,mixed_log,149,384,10,0.8260307068003035,0,0.8260307068003035,431486282,209964,130122,431909209,-1,-1,0,-1,-1
optuna_4.9.0,mixed_log,149,384,10,0.5722132757955862,0.0,0.5722132757955862,2220809781,923160,0,2222087084,-1,-1,0,-1,-1
pineforge_native,million_discrete,17,1000,10,8841,0,8841,4006906400,997726,371286,4009525417,718,282,0,3,9
optuna_4.9.0,million_discrete,17,1000,10,0.0,0.0,0.0,4875902045,5447243,0,4884787334,338,662,144,0,0
pineforge_native,million_discrete,41,1000,10,2909,0,2909,4095384650,860558,385149,4097567875,517,483,0,5,21
optuna_4.9.0,million_discrete,41,1000,10,10552.0,0.0,10552.0,5017489079,6271078,0,5027329125,386,614,0,6,26
pineforge_native,million_discrete,73,1000,10,20122,0,20122,6075862324,865971,427489,6078138834,305,695,0,5,24
optuna_4.9.0,million_discrete,73,1000,10,2479.0,0.0,2479.0,4970760490,5244839,0,4979043459,654,346,0,6,19
pineforge_native,million_discrete,109,1000,10,8711,0,8711,4197297796,637421,390722,4199122917,515,485,0,3,5
optuna_4.9.0,million_discrete,109,1000,10,15678.0,0.0,15678.0,4915499124,5469324,0,4924129291,433,567,0,4,16
pineforge_native,million_discrete,149,1000,10,7770,0,7770,4119756013,687447,363333,4121675917,740,260,0,4,14
optuna_4.9.0,million_discrete,149,1000,10,10853.0,0.0,10853.0,4929285779,5182812,0,4937590375,365,635,0,5,15
