problem,seed,trials,history_switch,diff_count,baseline_sha256,switch_sha256
rotated_rastrigin20,17,3000,,0,4434ada4246a57986892cc5814b05d07669e9139256cbe699d654ddd2ac7f455,4434ada4246a57986892cc5814b05d07669e9139256cbe699d654ddd2ac7f455
rotated_rastrigin20,48,3000,,0,3aefcabb81994023343b81d6b3a3dd15727b057d8097f0b33bd6d4002efeece6,3aefcabb81994023343b81d6b3a3dd15727b057d8097f0b33bd6d4002efeece6
rotated_rastrigin20,79,3000,,0,1e9f8e2025baa4f1b539638f4d988617b4a17ee103809343e062cafd007fb782,1e9f8e2025baa4f1b539638f4d988617b4a17ee103809343e062cafd007fb782
ackley20,17,3000,,0,79fe384dc4bbcb143dd54f1684c435df69454ca46648b6ac1674c24e577a561d,79fe384dc4bbcb143dd54f1684c435df69454ca46648b6ac1674c24e577a561d
ackley20,48,3000,,0,4cc102c6538303368c68b3b1d871daf1e1feab37cfacb5ee713dad8121795d66,4cc102c6538303368c68b3b1d871daf1e1feab37cfacb5ee713dad8121795d66
ackley20,79,3000,,0,01775d53857bf4ef6b192c68b50cfcf3b3da37d794c4415c9107eb914f6c85fa,01775d53857bf4ef6b192c68b50cfcf3b3da37d794c4415c9107eb914f6c85fa
bbob_f15_d20,17,3000,,0,4ccc2e6f5bedaecef8ac216aab47302d8ca92a395df70f7063c26be08b4a46b4,4ccc2e6f5bedaecef8ac216aab47302d8ca92a395df70f7063c26be08b4a46b4
bbob_f15_d20,48,3000,,0,b9eb40f22b27d64978182d998400a1aa1eaea19dddb3223d5ee3c3c0d4408eeb,b9eb40f22b27d64978182d998400a1aa1eaea19dddb3223d5ee3c3c0d4408eeb
bbob_f15_d20,79,3000,,0,677414c958950cbcd891085cabc5b6e7bbc99a3fe8eb9c5e9c23fa31d43c6438,677414c958950cbcd891085cabc5b6e7bbc99a3fe8eb9c5e9c23fa31d43c6438
bbob_f21_d20,17,3000,,0,aaa064dc7d5e63c6351252b88c73a50d92836594ab324ad856e7a562ede5afe7,aaa064dc7d5e63c6351252b88c73a50d92836594ab324ad856e7a562ede5afe7
bbob_f21_d20,48,3000,,0,e05d7360ef8a5f9282fd10a7d1fe5029c50577cb99055009ef803bdbde79a4aa,e05d7360ef8a5f9282fd10a7d1fe5029c50577cb99055009ef803bdbde79a4aa
bbob_f21_d20,79,3000,,0,135dfb807b86cfca8eaa023d7bddcafe9101ecd2c4234816434da373103204ed,135dfb807b86cfca8eaa023d7bddcafe9101ecd2c4234816434da373103204ed
bbob_f24_d20,17,3000,,0,0053c9d7aeae6344a7b4eafb1feaa8d9a4ae4ebeb42f28057495d495b25fef5f,0053c9d7aeae6344a7b4eafb1feaa8d9a4ae4ebeb42f28057495d495b25fef5f
bbob_f24_d20,48,3000,,0,ceccf5dfac2f4e98a0faf865a15bcd0d3f6a1f82b5b09f865a16f69b8e6497f5,ceccf5dfac2f4e98a0faf865a15bcd0d3f6a1f82b5b09f865a16f69b8e6497f5
bbob_f24_d20,79,3000,,0,737deb88021bf54f65f90028c1ce7a96419f60730dea4b72cc9c8f65ceee83a9,737deb88021bf54f65f90028c1ce7a96419f60730dea4b72cc9c8f65ceee83a9
mixed_irrelevant15,17,3000,,0,4d50cb6b989419635e83b3ba87d429ccd5b3f592b5d62f51102d89b5232de0ed,4d50cb6b989419635e83b3ba87d429ccd5b3f592b5d62f51102d89b5232de0ed
mixed_irrelevant15,48,3000,,0,41f081ed486360d138545b94c6ddb75e24f597f0f76e39ee9c1dd2bcadebb674,41f081ed486360d138545b94c6ddb75e24f597f0f76e39ee9c1dd2bcadebb674
mixed_irrelevant15,79,3000,,0,a964d795a890c6d01c8d713907c2ad821c7a1a9d39b56c5d75fbf6377efc1fff,a964d795a890c6d01c8d713907c2ad821c7a1a9d39b56c5d75fbf6377efc1fff
rosenbrock20,17,3000,,0,b64873370dff86d365cdd12204c36671314e6b9a515fbd0551bb36f38b5387a7,b64873370dff86d365cdd12204c36671314e6b9a515fbd0551bb36f38b5387a7
rosenbrock20,48,3000,,0,800c21b9713ef729a9283b3713b769859f97fbfacca544835b5fb6d29b5bc0f5,800c21b9713ef729a9283b3713b769859f97fbfacca544835b5fb6d29b5bc0f5
rosenbrock20,79,3000,,0,1e7a0d51cd91102aefff6e693ea43330bea7d7876605d1ddff33563898093f08,1e7a0d51cd91102aefff6e693ea43330bea7d7876605d1ddff33563898093f08
rotated_ellipsoid20,17,3000,,0,f3f8de3e7d53c061c5aedc4dfd516f0dc5489f75e91281bb18000363c128b9f5,f3f8de3e7d53c061c5aedc4dfd516f0dc5489f75e91281bb18000363c128b9f5
rotated_ellipsoid20,48,3000,,0,93a705283509fcd9d5f4b13913f9664294c53eb0d001a27fe0e55d160d8384e9,93a705283509fcd9d5f4b13913f9664294c53eb0d001a27fe0e55d160d8384e9
rotated_ellipsoid20,79,3000,,0,abd9eb1ac1e6b308624445e2c256d922ffc4fb5eac6cf6be72a4140b0f8a3b4c,abd9eb1ac1e6b308624445e2c256d922ffc4fb5eac6cf6be72a4140b0f8a3b4c
